2026-08-31T15:07:53.317+05:30  INFO 10183 --- [bikri] [main] com.perfectkode.bikri.BikriApplication   : Starting BikriApplication using Java 21.0.10 with PID 10183 (/Users/anant-saini/Coding/JavaProjects/bikri/build/classes/java/main started by anant-saini in /Users/anant-saini/Coding/JavaProjects/bikri)
2026-08-31T15:07:53.318+05:30  INFO 10183 --- [bikri] [main] com.perfectkode.bikri.BikriApplication   : No active profile set, falling back to 1 default profile: "default"
2026-08-31T15:07:53.627+05:30  INFO 10183 --- [bikri] [main] .s.d.r.c.RepositoryConfigurationDelegate : Multiple Spring Data modules found, entering strict repository configuration mode
2026-08-31T15:07:53.628+05:30  INFO 10183 --- [bikri] [main] .s.d.r.c.RepositoryConfigurationDelegate : Bootstrapping Spring Data JPA repositories in DEFAULT mode.
2026-08-31T15:07:53.686+05:30  INFO 10183 --- [bikri] [main] .s.d.r.c.RepositoryConfigurationDelegate : Finished Spring Data repository scanning in 55 ms. Found 2 JPA repository interfaces.
2026-08-31T15:07:53.700+05:30  INFO 10183 --- [bikri] [main] .s.d.r.c.RepositoryConfigurationDelegate : Multiple Spring Data modules found, entering strict repository configuration mode
2026-08-31T15:07:53.701+05:30  INFO 10183 --- [bikri] [main] .s.d.r.c.RepositoryConfigurationDelegate : Bootstrapping Spring Data Redis repositories in DEFAULT mode.
2026-08-31T15:07:53.706+05:30  INFO 10183 --- [bikri] [main] .RepositoryConfigurationExtensionSupport : Spring Data Redis - Could not safely identify store assignment for repository candidate interface com.perfectkode.bikri.auth.repository.RoleRepository; If you want this repository to be a Redis repository, consider annotating your entities with one of these annotations: org.springframework.data.redis.core.RedisHash (preferred), or consider extending one of the following types with your repository: org.springframework.data.keyvalue.repository.KeyValueRepository
2026-08-31T15:07:53.706+05:30  INFO 10183 --- [bikri] [main] .RepositoryConfigurationExtensionSupport : Spring Data Redis - Could not safely identify store assignment for repository candidate interface com.perfectkode.bikri.auth.repository.UserRepository; If you want this repository to be a Redis repository, consider annotating your entities with one of these annotations: org.springframework.data.redis.core.RedisHash (preferred), or consider extending one of the following types with your repository: org.springframework.data.keyvalue.repository.KeyValueRepository
2026-08-31T15:07:53.706+05:30  INFO 10183 --- [bikri] [main] .s.d.r.c.RepositoryConfigurationDelegate : Finished Spring Data repository scanning in 2 ms. Found 0 Redis repository interfaces.
2026-08-31T15:07:53.911+05:30  INFO 10183 --- [bikri] [main] o.s.boot.tomcat.TomcatWebServer          : Tomcat initialized with port 8080 (http)
2026-08-31T15:07:53.919+05:30  INFO 10183 --- [bikri] [main] o.apache.catalina.core.StandardService   : Starting service [Tomcat]
2026-08-31T15:07:53.919+05:30  INFO 10183 --- [bikri] [main] o.apache.catalina.core.StandardEngine    : Starting Servlet engine: [Apache Tomcat/11.0.24]
2026-08-31T15:07:53.939+05:30  INFO 10183 --- [bikri] [main] b.w.c.s.WebApplicationContextInitializer : Root WebApplicationContext: initialization completed in 604 ms
2026-08-31T15:07:53.998+05:30  INFO 10183 --- [bikri] [main] org.hibernate.orm.jpa                    : HHH008540: Processing PersistenceUnitInfo [name: default]
2026-08-31T15:07:54.028+05:30  INFO 10183 --- [bikri] [main] org.hibernate.orm.core                   : HHH000001: Hibernate ORM core version 7.4.5.Final
2026-08-31T15:07:54.194+05:30  INFO 10183 --- [bikri] [main] o.s.o.j.p.SpringPersistenceUnitInfo      : No LoadTimeWeaver setup: ignoring JPA class transformer
2026-08-31T15:07:54.209+05:30  INFO 10183 --- [bikri] [main] com.zaxxer.hikari.HikariDataSource       : HikariPool-1 - Starting...
2026-08-31T15:07:54.263+05:30  INFO 10183 --- [bikri] [main] com.zaxxer.hikari.pool.HikariPool        : HikariPool-1 - Added connection org.postgresql.jdbc.PgConnection@b3a8455
2026-08-31T15:07:54.263+05:30  INFO 10183 --- [bikri] [main] com.zaxxer.hikari.HikariDataSource       : HikariPool-1 - Start completed.
2026-08-31T15:07:54.285+05:30  WARN 10183 --- [bikri] [main] org.hibernate.orm.deprecation            : HHH90000025: PostgreSQLDialect does not need to be specified explicitly using 'hibernate.dialect' (remove the property setting and it will be selected by default)
2026-08-31T15:07:54.298+05:30  INFO 10183 --- [bikri] [main] org.hibernate.orm.connections.pooling    : HHH10001005: Database info:
	Database JDBC URL [jdbc:postgresql://localhost:5432/ecom-solution]
	Database driver: PostgreSQL JDBC Driver
	Database dialect: PostgreSQLDialect
	Database version: 18.3
	Default catalog/schema: ecom-solution/public
	Autocommit mode: undefined/unknown
	Isolation level: READ_COMMITTED [default READ_COMMITTED]
	JDBC fetch size: none
	Pool: DataSourceConnectionProvider
	Minimum pool size: undefined/unknown
	Maximum pool size: undefined/unknown
2026-08-31T15:07:54.675+05:30  INFO 10183 --- [bikri] [main] org.hibernate.orm.core                   : HHH000489: No JTA platform available (set 'hibernate.transaction.jta.platform' to enable JTA platform integration)
2026-08-31T15:07:54.728+05:30  INFO 10183 --- [bikri] [main] j.LocalContainerEntityManagerFactoryBean : Initialized JPA EntityManagerFactory for persistence unit 'default'
2026-08-31T15:07:54.757+05:30  INFO 10183 --- [bikri] [main] o.s.d.j.r.query.QueryEnhancerFactories   : Hibernate is in classpath; If applicable, HQL parser will be used.
2026-08-31T15:07:54.877+05:30  INFO 10183 --- [bikri] [main] r$InitializeUserDetailsManagerConfigurer : Global AuthenticationManager configured with UserDetailsService bean with name customUserDetailsService
2026-08-31T15:07:54.908+05:30  WARN 10183 --- [bikri] [main] i.n.r.d.DnsServerAddressStreamProviders  : Can not find io.netty.resolver.dns.macos.MacOSDnsServerAddressStreamProvider in the classpath, fallback to system defaults. This may result in incorrect DNS resolutions on MacOS. Check whether you have a dependency on 'io.netty:netty-resolver-dns-native-macos'
2026-08-31T15:07:55.288+05:30  INFO 10183 --- [bikri] [main] o.s.boot.tomcat.TomcatWebServer          : Tomcat started on port 8080 (http) with context path '/'
2026-08-31T15:07:55.292+05:30  INFO 10183 --- [bikri] [main] com.perfectkode.bikri.BikriApplication   : Started BikriApplication in 2.148 seconds (process running for 2.295)
2026-08-31T15:08:34.851+05:30  INFO 10183 --- [bikri] [http-nio-8080-exec-1] o.a.c.c.C.[Tomcat].[localhost].[/]       : Initializing Spring DispatcherServlet 'dispatcherServlet'
2026-08-31T15:08:34.851+05:30  INFO 10183 --- [bikri] [http-nio-8080-exec-1] o.s.web.servlet.DispatcherServlet        : Initializing Servlet 'dispatcherServlet'
2026-08-31T15:08:34.852+05:30  INFO 10183 --- [bikri] [http-nio-8080-exec-1] o.s.web.servlet.DispatcherServlet        : Completed initialization in 1 ms
2026-08-31T15:08:35.146+05:30  INFO 10183 --- [bikri] [http-nio-8080-exec-9] o.springdoc.api.AbstractOpenApiResource  : Init duration for springdoc-openapi is: 116 ms
2026-08-31T15:13:06.797+05:30  WARN 10183 --- [bikri] [http-nio-8080-exec-6] org.hibernate.orm.jdbc.error             : HHH000247: ErrorCode: 0, SQLState: 23502
2026-08-31T15:13:06.797+05:30  WARN 10183 --- [bikri] [http-nio-8080-exec-6] org.hibernate.orm.jdbc.error             : ERROR: null value in column "created_at" of relation "users" violates not-null constraint
  Detail: Failing row contains (0d5b023f-0997-474c-9562-794c5142a9b6, aditi@gmail.com, $2a$10$959QZ7I0hvSjDGu/WhoGuOKr2Ff42ZR1EU8ZtZBcR8ZS8F7x16y0y, f, t, null, 1).
2026-08-31T15:13:06.988+05:30  INFO 10183 --- [bikri] [Async-OTP-1] c.p.b.auth.service.otp.OtpServiceImpl    : Generated new OTP for aditi@gmail.com.
2026-08-31T15:13:06.989+05:30  INFO 10183 --- [bikri] [Async-OTP-1] c.p.b.auth.service.otp.OtpServiceImpl    : =================================================
2026-08-31T15:13:06.989+05:30  INFO 10183 --- [bikri] [Async-OTP-1] c.p.b.auth.service.otp.OtpServiceImpl    : 📧 MOCK EMAIL SERVICE 📧
2026-08-31T15:13:06.989+05:30  INFO 10183 --- [bikri] [Async-OTP-1] c.p.b.auth.service.otp.OtpServiceImpl    : To: aditi@gmail.com
2026-08-31T15:13:06.989+05:30  INFO 10183 --- [bikri] [Async-OTP-1] c.p.b.auth.service.otp.OtpServiceImpl    : Subject: E-Commerce Email Verification Code
2026-08-31T15:13:06.989+05:30  INFO 10183 --- [bikri] [Async-OTP-1] c.p.b.auth.service.otp.OtpServiceImpl    : Body: Your OTP code is [ 02V0 ]. Valid for 5 minutes.
2026-08-31T15:13:06.989+05:30  INFO 10183 --- [bikri] [Async-OTP-1] c.p.b.auth.service.otp.OtpServiceImpl    : =================================================
2026-08-31T15:15:16.909+05:30  INFO 10183 --- [bikri] [Async-OTP-2] c.p.b.auth.service.otp.OtpServiceImpl    : Active OTP found for aditi@gmail.com. Resending existing OTP.
2026-08-31T15:15:16.909+05:30  INFO 10183 --- [bikri] [Async-OTP-2] c.p.b.auth.service.otp.OtpServiceImpl    : =================================================
2026-08-31T15:15:16.909+05:30  INFO 10183 --- [bikri] [Async-OTP-2] c.p.b.auth.service.otp.OtpServiceImpl    : 📧 MOCK EMAIL SERVICE 📧
2026-08-31T15:15:16.910+05:30  INFO 10183 --- [bikri] [Async-OTP-2] c.p.b.auth.service.otp.OtpServiceImpl    : To: aditi@gmail.com
2026-08-31T15:15:16.910+05:30  INFO 10183 --- [bikri] [Async-OTP-2] c.p.b.auth.service.otp.OtpServiceImpl    : Subject: E-Commerce Email Verification Code
2026-08-31T15:15:16.910+05:30  INFO 10183 --- [bikri] [Async-OTP-2] c.p.b.auth.service.otp.OtpServiceImpl    : Body: Your OTP code is [ 02V0 ]. Valid for 5 minutes.
2026-08-31T15:15:16.910+05:30  INFO 10183 --- [bikri] [Async-OTP-2] c.p.b.auth.service.otp.OtpServiceImpl    : =================================================
2026-08-31T15:15:16.910+05:30  WARN 10183 --- [bikri] [http-nio-8080-exec-7] org.hibernate.orm.jdbc.error             : HHH000247: ErrorCode: 0, SQLState: 23502
2026-08-31T15:15:16.910+05:30  WARN 10183 --- [bikri] [http-nio-8080-exec-7] org.hibernate.orm.jdbc.error             : ERROR: null value in column "created_at" of relation "users" violates not-null constraint
  Detail: Failing row contains (99778b1d-43a1-46bd-b8ba-d240afc7f46b, aditi@gmail.com, $2a$10$5OSzvLWc8nsYz6DfZ8xFHuA0ZPyBxqfZmYkiNwOFqFY4Qjq1WfWG2, f, t, null, 1).
2026-08-31T15:15:48.757+05:30  INFO 10183 --- [bikri] [SpringApplicationShutdownHook] o.s.boot.tomcat.GracefulShutdown         : Commencing graceful shutdown. Waiting for active requests to complete
2026-08-31T15:15:48.759+05:30  INFO 10183 --- [bikri] [tomcat-shutdown] o.s.boot.tomcat.GracefulShutdown         : Graceful shutdown complete
2026-08-31T15:15:48.777+05:30  INFO 10183 --- [bikri] [SpringApplicationShutdownHook] j.LocalContainerEntityManagerFactoryBean : Closing JPA EntityManagerFactory for persistence unit 'default'
2026-08-31T15:15:48.779+05:30  INFO 10183 --- [bikri] [SpringApplicationShutdownHook] com.zaxxer.hikari.HikariDataSource       : HikariPool-1 - Shutdown initiated...
2026-08-31T15:15:48.780+05:30  INFO 10183 --- [bikri] [SpringApplicationShutdownHook] com.zaxxer.hikari.HikariDataSource       : HikariPool-1 - Shutdown completed.
2026-08-31T15:15:58.854+05:30  INFO 10360 --- [bikri] [main] com.perfectkode.bikri.BikriApplication   : Starting BikriApplication using Java 21.0.10 with PID 10360 (/Users/anant-saini/Coding/JavaProjects/bikri/build/classes/java/main started by anant-saini in /Users/anant-saini/Coding/JavaProjects/bikri)
2026-08-31T15:15:58.855+05:30  INFO 10360 --- [bikri] [main] com.perfectkode.bikri.BikriApplication   : No active profile set, falling back to 1 default profile: "default"
2026-08-31T15:15:59.120+05:30  INFO 10360 --- [bikri] [main] .s.d.r.c.RepositoryConfigurationDelegate : Multiple Spring Data modules found, entering strict repository configuration mode
2026-08-31T15:15:59.120+05:30  INFO 10360 --- [bikri] [main] .s.d.r.c.RepositoryConfigurationDelegate : Bootstrapping Spring Data JPA repositories in DEFAULT mode.
2026-08-31T15:15:59.175+05:30  INFO 10360 --- [bikri] [main] .s.d.r.c.RepositoryConfigurationDelegate : Finished Spring Data repository scanning in 51 ms. Found 2 JPA repository interfaces.
2026-08-31T15:15:59.188+05:30  INFO 10360 --- [bikri] [main] .s.d.r.c.RepositoryConfigurationDelegate : Multiple Spring Data modules found, entering strict repository configuration mode
2026-08-31T15:15:59.188+05:30  INFO 10360 --- [bikri] [main] .s.d.r.c.RepositoryConfigurationDelegate : Bootstrapping Spring Data Redis repositories in DEFAULT mode.
2026-08-31T15:15:59.193+05:30  INFO 10360 --- [bikri] [main] .RepositoryConfigurationExtensionSupport : Spring Data Redis - Could not safely identify store assignment for repository candidate interface com.perfectkode.bikri.auth.repository.RoleRepository; If you want this repository to be a Redis repository, consider annotating your entities with one of these annotations: org.springframework.data.redis.core.RedisHash (preferred), or consider extending one of the following types with your repository: org.springframework.data.keyvalue.repository.KeyValueRepository
2026-08-31T15:15:59.193+05:30  INFO 10360 --- [bikri] [main] .RepositoryConfigurationExtensionSupport : Spring Data Redis - Could not safely identify store assignment for repository candidate interface com.perfectkode.bikri.auth.repository.UserRepository; If you want this repository to be a Redis repository, consider annotating your entities with one of these annotations: org.springframework.data.redis.core.RedisHash (preferred), or consider extending one of the following types with your repository: org.springframework.data.keyvalue.repository.KeyValueRepository
2026-08-31T15:15:59.193+05:30  INFO 10360 --- [bikri] [main] .s.d.r.c.RepositoryConfigurationDelegate : Finished Spring Data repository scanning in 2 ms. Found 0 Redis repository interfaces.
2026-08-31T15:15:59.375+05:30  INFO 10360 --- [bikri] [main] o.s.boot.tomcat.TomcatWebServer          : Tomcat initialized with port 8080 (http)
2026-08-31T15:15:59.381+05:30  INFO 10360 --- [bikri] [main] o.apache.catalina.core.StandardService   : Starting service [Tomcat]
2026-08-31T15:15:59.381+05:30  INFO 10360 --- [bikri] [main] o.apache.catalina.core.StandardEngine    : Starting Servlet engine: [Apache Tomcat/11.0.24]
2026-08-31T15:15:59.399+05:30  INFO 10360 --- [bikri] [main] b.w.c.s.WebApplicationContextInitializer : Root WebApplicationContext: initialization completed in 529 ms
2026-08-31T15:15:59.454+05:30  INFO 10360 --- [bikri] [main] org.hibernate.orm.jpa                    : HHH008540: Processing PersistenceUnitInfo [name: default]
2026-08-31T15:15:59.474+05:30  INFO 10360 --- [bikri] [main] org.hibernate.orm.core                   : HHH000001: Hibernate ORM core version 7.4.5.Final
2026-08-31T15:15:59.619+05:30  INFO 10360 --- [bikri] [main] o.s.o.j.p.SpringPersistenceUnitInfo      : No LoadTimeWeaver setup: ignoring JPA class transformer
2026-08-31T15:15:59.631+05:30  INFO 10360 --- [bikri] [main] com.zaxxer.hikari.HikariDataSource       : HikariPool-1 - Starting...
2026-08-31T15:15:59.676+05:30  INFO 10360 --- [bikri] [main] com.zaxxer.hikari.pool.HikariPool        : HikariPool-1 - Added connection org.postgresql.jdbc.PgConnection@3e12c5de
2026-08-31T15:15:59.677+05:30  INFO 10360 --- [bikri] [main] com.zaxxer.hikari.HikariDataSource       : HikariPool-1 - Start completed.
2026-08-31T15:15:59.691+05:30  WARN 10360 --- [bikri] [main] org.hibernate.orm.deprecation            : HHH90000025: PostgreSQLDialect does not need to be specified explicitly using 'hibernate.dialect' (remove the property setting and it will be selected by default)
2026-08-31T15:15:59.700+05:30  INFO 10360 --- [bikri] [main] org.hibernate.orm.connections.pooling    : HHH10001005: Database info:
	Database JDBC URL [jdbc:postgresql://localhost:5432/ecom-solution]
	Database driver: PostgreSQL JDBC Driver
	Database dialect: PostgreSQLDialect
	Database version: 18.3
	Default catalog/schema: ecom-solution/public
	Autocommit mode: undefined/unknown
	Isolation level: READ_COMMITTED [default READ_COMMITTED]
	JDBC fetch size: none
	Pool: DataSourceConnectionProvider
	Minimum pool size: undefined/unknown
	Maximum pool size: undefined/unknown
2026-08-31T15:16:00.037+05:30  INFO 10360 --- [bikri] [main] org.hibernate.orm.core                   : HHH000489: No JTA platform available (set 'hibernate.transaction.jta.platform' to enable JTA platform integration)
2026-08-31T15:16:00.085+05:30  INFO 10360 --- [bikri] [main] j.LocalContainerEntityManagerFactoryBean : Initialized JPA EntityManagerFactory for persistence unit 'default'
2026-08-31T15:16:00.113+05:30  INFO 10360 --- [bikri] [main] o.s.d.j.r.query.QueryEnhancerFactories   : Hibernate is in classpath; If applicable, HQL parser will be used.
2026-08-31T15:16:00.230+05:30  INFO 10360 --- [bikri] [main] r$InitializeUserDetailsManagerConfigurer : Global AuthenticationManager configured with UserDetailsService bean with name customUserDetailsService
2026-08-31T15:16:00.260+05:30  WARN 10360 --- [bikri] [main] i.n.r.d.DnsServerAddressStreamProviders  : Can not find io.netty.resolver.dns.macos.MacOSDnsServerAddressStreamProvider in the classpath, fallback to system defaults. This may result in incorrect DNS resolutions on MacOS. Check whether you have a dependency on 'io.netty:netty-resolver-dns-native-macos'
2026-08-31T15:16:00.631+05:30  INFO 10360 --- [bikri] [main] o.s.boot.tomcat.TomcatWebServer          : Tomcat started on port 8080 (http) with context path '/'
2026-08-31T15:16:00.635+05:30  INFO 10360 --- [bikri] [main] com.perfectkode.bikri.BikriApplication   : Started BikriApplication in 1.929 seconds (process running for 2.067)
2026-08-31T15:16:10.985+05:30  INFO 10360 --- [bikri] [http-nio-8080-exec-3] o.a.c.c.C.[Tomcat].[localhost].[/]       : Initializing Spring DispatcherServlet 'dispatcherServlet'
2026-08-31T15:16:10.986+05:30  INFO 10360 --- [bikri] [http-nio-8080-exec-3] o.s.web.servlet.DispatcherServlet        : Initializing Servlet 'dispatcherServlet'
2026-08-31T15:16:10.987+05:30  INFO 10360 --- [bikri] [http-nio-8080-exec-3] o.s.web.servlet.DispatcherServlet        : Completed initialization in 1 ms
2026-08-31T15:16:11.401+05:30  INFO 10360 --- [bikri] [Async-OTP-1] c.p.b.auth.service.otp.OtpServiceImpl    : Active OTP found for aditi@gmail.com. Resending existing OTP.
2026-08-31T15:16:11.401+05:30  INFO 10360 --- [bikri] [Async-OTP-1] c.p.b.auth.service.otp.OtpServiceImpl    : =================================================
2026-08-31T15:16:11.401+05:30  INFO 10360 --- [bikri] [Async-OTP-1] c.p.b.auth.service.otp.OtpServiceImpl    : 📧 MOCK EMAIL SERVICE 📧
2026-08-31T15:16:11.401+05:30  INFO 10360 --- [bikri] [Async-OTP-1] c.p.b.auth.service.otp.OtpServiceImpl    : To: aditi@gmail.com
2026-08-31T15:16:11.401+05:30  INFO 10360 --- [bikri] [Async-OTP-1] c.p.b.auth.service.otp.OtpServiceImpl    : Subject: E-Commerce Email Verification Code
2026-08-31T15:16:11.401+05:30  INFO 10360 --- [bikri] [Async-OTP-1] c.p.b.auth.service.otp.OtpServiceImpl    : Body: Your OTP code is [ 02V0 ]. Valid for 5 minutes.
2026-08-31T15:16:11.401+05:30  INFO 10360 --- [bikri] [Async-OTP-1] c.p.b.auth.service.otp.OtpServiceImpl    : =================================================
2026-08-31T15:20:55.070+05:30  INFO 10360 --- [bikri] [Async-OTP-2] c.p.b.auth.service.otp.OtpServiceImpl    : Generated new OTP for aditi@gmail.com.
2026-08-31T15:20:55.070+05:30  INFO 10360 --- [bikri] [Async-OTP-2] c.p.b.auth.service.otp.OtpServiceImpl    : =================================================
2026-08-31T15:20:55.070+05:30  INFO 10360 --- [bikri] [Async-OTP-2] c.p.b.auth.service.otp.OtpServiceImpl    : 📧 MOCK EMAIL SERVICE 📧
2026-08-31T15:20:55.070+05:30  INFO 10360 --- [bikri] [Async-OTP-2] c.p.b.auth.service.otp.OtpServiceImpl    : To: aditi@gmail.com
2026-08-31T15:20:55.071+05:30  INFO 10360 --- [bikri] [Async-OTP-2] c.p.b.auth.service.otp.OtpServiceImpl    : Subject: E-Commerce Email Verification Code
2026-08-31T15:20:55.071+05:30  INFO 10360 --- [bikri] [Async-OTP-2] c.p.b.auth.service.otp.OtpServiceImpl    : Body: Your OTP code is [ 85C4 ]. Valid for 5 minutes.
2026-08-31T15:20:55.071+05:30  INFO 10360 --- [bikri] [Async-OTP-2] c.p.b.auth.service.otp.OtpServiceImpl    : =================================================
2026-08-31T15:41:02.985+05:30  INFO 10779 --- [bikri] [main] com.perfectkode.bikri.BikriApplication   : Starting BikriApplication using Java 21.0.10 with PID 10779 (/Users/anant-saini/Coding/JavaProjects/bikri/build/classes/java/main started by anant-saini in /Users/anant-saini/Coding/JavaProjects/bikri)
2026-08-31T15:41:02.986+05:30  INFO 10779 --- [bikri] [main] com.perfectkode.bikri.BikriApplication   : No active profile set, falling back to 1 default profile: "default"
2026-08-31T15:41:03.295+05:30  INFO 10779 --- [bikri] [main] .s.d.r.c.RepositoryConfigurationDelegate : Multiple Spring Data modules found, entering strict repository configuration mode
2026-08-31T15:41:03.296+05:30  INFO 10779 --- [bikri] [main] .s.d.r.c.RepositoryConfigurationDelegate : Bootstrapping Spring Data JPA repositories in DEFAULT mode.
2026-08-31T15:41:03.350+05:30  INFO 10779 --- [bikri] [main] .s.d.r.c.RepositoryConfigurationDelegate : Finished Spring Data repository scanning in 51 ms. Found 2 JPA repository interfaces.
2026-08-31T15:41:03.367+05:30  INFO 10779 --- [bikri] [main] .s.d.r.c.RepositoryConfigurationDelegate : Multiple Spring Data modules found, entering strict repository configuration mode
2026-08-31T15:41:03.367+05:30  INFO 10779 --- [bikri] [main] .s.d.r.c.RepositoryConfigurationDelegate : Bootstrapping Spring Data Redis repositories in DEFAULT mode.
2026-08-31T15:41:03.373+05:30  INFO 10779 --- [bikri] [main] .RepositoryConfigurationExtensionSupport : Spring Data Redis - Could not safely identify store assignment for repository candidate interface com.perfectkode.bikri.auth.repository.RoleRepository; If you want this repository to be a Redis repository, consider annotating your entities with one of these annotations: org.springframework.data.redis.core.RedisHash (preferred), or consider extending one of the following types with your repository: org.springframework.data.keyvalue.repository.KeyValueRepository
2026-08-31T15:41:03.373+05:30  INFO 10779 --- [bikri] [main] .RepositoryConfigurationExtensionSupport : Spring Data Redis - Could not safely identify store assignment for repository candidate interface com.perfectkode.bikri.auth.repository.UserRepository; If you want this repository to be a Redis repository, consider annotating your entities with one of these annotations: org.springframework.data.redis.core.RedisHash (preferred), or consider extending one of the following types with your repository: org.springframework.data.keyvalue.repository.KeyValueRepository
2026-08-31T15:41:03.373+05:30  INFO 10779 --- [bikri] [main] .s.d.r.c.RepositoryConfigurationDelegate : Finished Spring Data repository scanning in 2 ms. Found 0 Redis repository interfaces.
2026-08-31T15:41:03.573+05:30  INFO 10779 --- [bikri] [main] o.s.boot.tomcat.TomcatWebServer          : Tomcat initialized with port 8080 (http)
2026-08-31T15:41:03.579+05:30  INFO 10779 --- [bikri] [main] o.apache.catalina.core.StandardService   : Starting service [Tomcat]
2026-08-31T15:41:03.580+05:30  INFO 10779 --- [bikri] [main] o.apache.catalina.core.StandardEngine    : Starting Servlet engine: [Apache Tomcat/11.0.24]
2026-08-31T15:41:03.597+05:30  INFO 10779 --- [bikri] [main] b.w.c.s.WebApplicationContextInitializer : Root WebApplicationContext: initialization completed in 594 ms
2026-08-31T15:41:03.654+05:30  INFO 10779 --- [bikri] [main] org.hibernate.orm.jpa                    : HHH008540: Processing PersistenceUnitInfo [name: default]
2026-08-31T15:41:03.683+05:30  INFO 10779 --- [bikri] [main] org.hibernate.orm.core                   : HHH000001: Hibernate ORM core version 7.4.5.Final
2026-08-31T15:41:03.842+05:30  INFO 10779 --- [bikri] [main] o.s.o.j.p.SpringPersistenceUnitInfo      : No LoadTimeWeaver setup: ignoring JPA class transformer
2026-08-31T15:41:03.855+05:30  INFO 10779 --- [bikri] [main] com.zaxxer.hikari.HikariDataSource       : HikariPool-1 - Starting...
2026-08-31T15:41:03.895+05:30  INFO 10779 --- [bikri] [main] com.zaxxer.hikari.pool.HikariPool        : HikariPool-1 - Added connection org.postgresql.jdbc.PgConnection@3e12c5de
2026-08-31T15:41:03.896+05:30  INFO 10779 --- [bikri] [main] com.zaxxer.hikari.HikariDataSource       : HikariPool-1 - Start completed.
2026-08-31T15:41:03.910+05:30  WARN 10779 --- [bikri] [main] org.hibernate.orm.deprecation            : HHH90000025: PostgreSQLDialect does not need to be specified explicitly using 'hibernate.dialect' (remove the property setting and it will be selected by default)
2026-08-31T15:41:03.920+05:30  INFO 10779 --- [bikri] [main] org.hibernate.orm.connections.pooling    : HHH10001005: Database info:
	Database JDBC URL [jdbc:postgresql://localhost:5432/ecom-solution]
	Database driver: PostgreSQL JDBC Driver
	Database dialect: PostgreSQLDialect
	Database version: 18.3
	Default catalog/schema: ecom-solution/public
	Autocommit mode: undefined/unknown
	Isolation level: READ_COMMITTED [default READ_COMMITTED]
	JDBC fetch size: none
	Pool: DataSourceConnectionProvider
	Minimum pool size: undefined/unknown
	Maximum pool size: undefined/unknown
2026-08-31T15:41:04.290+05:30  INFO 10779 --- [bikri] [main] org.hibernate.orm.core                   : HHH000489: No JTA platform available (set 'hibernate.transaction.jta.platform' to enable JTA platform integration)
2026-08-31T15:41:04.336+05:30  INFO 10779 --- [bikri] [main] j.LocalContainerEntityManagerFactoryBean : Initialized JPA EntityManagerFactory for persistence unit 'default'
2026-08-31T15:41:04.361+05:30  INFO 10779 --- [bikri] [main] o.s.d.j.r.query.QueryEnhancerFactories   : Hibernate is in classpath; If applicable, HQL parser will be used.
2026-08-31T15:41:04.489+05:30  INFO 10779 --- [bikri] [main] r$InitializeUserDetailsManagerConfigurer : Global AuthenticationManager configured with UserDetailsService bean with name customUserDetailsService
2026-08-31T15:41:04.527+05:30  WARN 10779 --- [bikri] [main] i.n.r.d.DnsServerAddressStreamProviders  : Can not find io.netty.resolver.dns.macos.MacOSDnsServerAddressStreamProvider in the classpath, fallback to system defaults. This may result in incorrect DNS resolutions on MacOS. Check whether you have a dependency on 'io.netty:netty-resolver-dns-native-macos'
2026-08-31T15:41:04.916+05:30  WARN 10779 --- [bikri] [main] ConfigServletWebServerApplicationContext : Exception encountered during context initialization - cancelling refresh attempt: org.springframework.context.ApplicationContextException: Failed to start bean 'webServerStartStop'
2026-08-31T15:41:04.920+05:30  INFO 10779 --- [bikri] [main] j.LocalContainerEntityManagerFactoryBean : Closing JPA EntityManagerFactory for persistence unit 'default'
2026-08-31T15:41:04.921+05:30  INFO 10779 --- [bikri] [main] com.zaxxer.hikari.HikariDataSource       : HikariPool-1 - Shutdown initiated...
2026-08-31T15:41:04.922+05:30  INFO 10779 --- [bikri] [main] com.zaxxer.hikari.HikariDataSource       : HikariPool-1 - Shutdown completed.
2026-08-31T15:41:04.927+05:30  INFO 10779 --- [bikri] [main] .s.b.a.l.ConditionEvaluationReportLogger : 

Error starting ApplicationContext. To display the condition evaluation report re-run your application with 'debug' enabled.
2026-08-31T15:41:04.932+05:30 ERROR 10779 --- [bikri] [main] o.s.b.d.LoggingFailureAnalysisReporter   : 

***************************
APPLICATION FAILED TO START
***************************

Description:

Web server failed to start. Port 8080 was already in use.

Action:

Identify and stop the process that's listening on port 8080 or configure this application to listen on another port.

2026-08-31T15:44:56.440+05:30  INFO 10360 --- [bikri] [SpringApplicationShutdownHook] o.s.boot.tomcat.GracefulShutdown         : Commencing graceful shutdown. Waiting for active requests to complete
2026-08-31T15:44:56.444+05:30  INFO 10360 --- [bikri] [tomcat-shutdown] o.s.boot.tomcat.GracefulShutdown         : Graceful shutdown complete
2026-08-31T15:44:56.463+05:30  INFO 10360 --- [bikri] [SpringApplicationShutdownHook] j.LocalContainerEntityManagerFactoryBean : Closing JPA EntityManagerFactory for persistence unit 'default'
2026-08-31T15:44:56.465+05:30  INFO 10360 --- [bikri] [SpringApplicationShutdownHook] com.zaxxer.hikari.HikariDataSource       : HikariPool-1 - Shutdown initiated...
2026-08-31T15:44:56.466+05:30  INFO 10360 --- [bikri] [SpringApplicationShutdownHook] com.zaxxer.hikari.HikariDataSource       : HikariPool-1 - Shutdown completed.
2026-08-31T15:48:22.998+05:30  INFO 10951 --- [bikri] [main] com.perfectkode.bikri.BikriApplication   : Starting BikriApplication using Java 21.0.10 with PID 10951 (/Users/anant-saini/Coding/JavaProjects/bikri/build/classes/java/main started by anant-saini in /Users/anant-saini/Coding/JavaProjects/bikri)
2026-08-31T15:48:23.000+05:30  INFO 10951 --- [bikri] [main] com.perfectkode.bikri.BikriApplication   : No active profile set, falling back to 1 default profile: "default"
2026-08-31T15:48:23.290+05:30  INFO 10951 --- [bikri] [main] .s.d.r.c.RepositoryConfigurationDelegate : Multiple Spring Data modules found, entering strict repository configuration mode
2026-08-31T15:48:23.291+05:30  INFO 10951 --- [bikri] [main] .s.d.r.c.RepositoryConfigurationDelegate : Bootstrapping Spring Data JPA repositories in DEFAULT mode.
2026-08-31T15:48:23.349+05:30  INFO 10951 --- [bikri] [main] .s.d.r.c.RepositoryConfigurationDelegate : Finished Spring Data repository scanning in 55 ms. Found 2 JPA repository interfaces.
2026-08-31T15:48:23.365+05:30  INFO 10951 --- [bikri] [main] .s.d.r.c.RepositoryConfigurationDelegate : Multiple Spring Data modules found, entering strict repository configuration mode
2026-08-31T15:48:23.365+05:30  INFO 10951 --- [bikri] [main] .s.d.r.c.RepositoryConfigurationDelegate : Bootstrapping Spring Data Redis repositories in DEFAULT mode.
2026-08-31T15:48:23.370+05:30  INFO 10951 --- [bikri] [main] .RepositoryConfigurationExtensionSupport : Spring Data Redis - Could not safely identify store assignment for repository candidate interface com.perfectkode.bikri.auth.repository.RoleRepository; If you want this repository to be a Redis repository, consider annotating your entities with one of these annotations: org.springframework.data.redis.core.RedisHash (preferred), or consider extending one of the following types with your repository: org.springframework.data.keyvalue.repository.KeyValueRepository
2026-08-31T15:48:23.370+05:30  INFO 10951 --- [bikri] [main] .RepositoryConfigurationExtensionSupport : Spring Data Redis - Could not safely identify store assignment for repository candidate interface com.perfectkode.bikri.auth.repository.UserRepository; If you want this repository to be a Redis repository, consider annotating your entities with one of these annotations: org.springframework.data.redis.core.RedisHash (preferred), or consider extending one of the following types with your repository: org.springframework.data.keyvalue.repository.KeyValueRepository
2026-08-31T15:48:23.370+05:30  INFO 10951 --- [bikri] [main] .s.d.r.c.RepositoryConfigurationDelegate : Finished Spring Data repository scanning in 2 ms. Found 0 Redis repository interfaces.
2026-08-31T15:48:23.554+05:30  INFO 10951 --- [bikri] [main] o.s.boot.tomcat.TomcatWebServer          : Tomcat initialized with port 8080 (http)
2026-08-31T15:48:23.560+05:30  INFO 10951 --- [bikri] [main] o.apache.catalina.core.StandardService   : Starting service [Tomcat]
2026-08-31T15:48:23.560+05:30  INFO 10951 --- [bikri] [main] o.apache.catalina.core.StandardEngine    : Starting Servlet engine: [Apache Tomcat/11.0.24]
2026-08-31T15:48:23.578+05:30  INFO 10951 --- [bikri] [main] b.w.c.s.WebApplicationContextInitializer : Root WebApplicationContext: initialization completed in 562 ms
2026-08-31T15:48:23.632+05:30  INFO 10951 --- [bikri] [main] org.hibernate.orm.jpa                    : HHH008540: Processing PersistenceUnitInfo [name: default]
2026-08-31T15:48:23.660+05:30  INFO 10951 --- [bikri] [main] org.hibernate.orm.core                   : HHH000001: Hibernate ORM core version 7.4.5.Final
2026-08-31T15:48:23.815+05:30  INFO 10951 --- [bikri] [main] o.s.o.j.p.SpringPersistenceUnitInfo      : No LoadTimeWeaver setup: ignoring JPA class transformer
2026-08-31T15:48:23.828+05:30  INFO 10951 --- [bikri] [main] com.zaxxer.hikari.HikariDataSource       : HikariPool-1 - Starting...
2026-08-31T15:48:23.866+05:30  INFO 10951 --- [bikri] [main] com.zaxxer.hikari.pool.HikariPool        : HikariPool-1 - Added connection org.postgresql.jdbc.PgConnection@7bef7505
2026-08-31T15:48:23.867+05:30  INFO 10951 --- [bikri] [main] com.zaxxer.hikari.HikariDataSource       : HikariPool-1 - Start completed.
2026-08-31T15:48:23.881+05:30  WARN 10951 --- [bikri] [main] org.hibernate.orm.deprecation            : HHH90000025: PostgreSQLDialect does not need to be specified explicitly using 'hibernate.dialect' (remove the property setting and it will be selected by default)
2026-08-31T15:48:23.890+05:30  INFO 10951 --- [bikri] [main] org.hibernate.orm.connections.pooling    : HHH10001005: Database info:
	Database JDBC URL [jdbc:postgresql://localhost:5432/ecom-solution]
	Database driver: PostgreSQL JDBC Driver
	Database dialect: PostgreSQLDialect
	Database version: 18.3
	Default catalog/schema: ecom-solution/public
	Autocommit mode: undefined/unknown
	Isolation level: READ_COMMITTED [default READ_COMMITTED]
	JDBC fetch size: none
	Pool: DataSourceConnectionProvider
	Minimum pool size: undefined/unknown
	Maximum pool size: undefined/unknown
2026-08-31T15:48:24.239+05:30  INFO 10951 --- [bikri] [main] org.hibernate.orm.core                   : HHH000489: No JTA platform available (set 'hibernate.transaction.jta.platform' to enable JTA platform integration)
2026-08-31T15:48:24.292+05:30  INFO 10951 --- [bikri] [main] j.LocalContainerEntityManagerFactoryBean : Initialized JPA EntityManagerFactory for persistence unit 'default'
2026-08-31T15:48:24.320+05:30  INFO 10951 --- [bikri] [main] o.s.d.j.r.query.QueryEnhancerFactories   : Hibernate is in classpath; If applicable, HQL parser will be used.
2026-08-31T15:48:24.436+05:30  INFO 10951 --- [bikri] [main] r$InitializeUserDetailsManagerConfigurer : Global AuthenticationManager configured with UserDetailsService bean with name customUserDetailsService
2026-08-31T15:48:24.469+05:30  WARN 10951 --- [bikri] [main] i.n.r.d.DnsServerAddressStreamProviders  : Can not find io.netty.resolver.dns.macos.MacOSDnsServerAddressStreamProvider in the classpath, fallback to system defaults. This may result in incorrect DNS resolutions on MacOS. Check whether you have a dependency on 'io.netty:netty-resolver-dns-native-macos'
2026-08-31T15:48:24.845+05:30  INFO 10951 --- [bikri] [main] o.s.boot.tomcat.TomcatWebServer          : Tomcat started on port 8080 (http) with context path '/'
2026-08-31T15:48:24.849+05:30  INFO 10951 --- [bikri] [main] com.perfectkode.bikri.BikriApplication   : Started BikriApplication in 2.002 seconds (process running for 2.138)
2026-08-31T15:48:34.845+05:30  INFO 10951 --- [bikri] [http-nio-8080-exec-1] o.a.c.c.C.[Tomcat].[localhost].[/]       : Initializing Spring DispatcherServlet 'dispatcherServlet'
2026-08-31T15:48:34.845+05:30  INFO 10951 --- [bikri] [http-nio-8080-exec-1] o.s.web.servlet.DispatcherServlet        : Initializing Servlet 'dispatcherServlet'
2026-08-31T15:48:34.846+05:30  INFO 10951 --- [bikri] [http-nio-8080-exec-1] o.s.web.servlet.DispatcherServlet        : Completed initialization in 1 ms
2026-08-31T15:48:35.140+05:30  INFO 10951 --- [bikri] [http-nio-8080-exec-10] o.springdoc.api.AbstractOpenApiResource  : Init duration for springdoc-openapi is: 111 ms
2026-08-31T15:55:36.938+05:30  INFO 10951 --- [bikri] [SpringApplicationShutdownHook] o.s.boot.tomcat.GracefulShutdown         : Commencing graceful shutdown. Waiting for active requests to complete
2026-08-31T15:55:36.942+05:30  INFO 10951 --- [bikri] [tomcat-shutdown] o.s.boot.tomcat.GracefulShutdown         : Graceful shutdown complete
2026-08-31T15:55:36.962+05:30  INFO 10951 --- [bikri] [SpringApplicationShutdownHook] j.LocalContainerEntityManagerFactoryBean : Closing JPA EntityManagerFactory for persistence unit 'default'
2026-08-31T15:55:36.968+05:30  INFO 10951 --- [bikri] [SpringApplicationShutdownHook] com.zaxxer.hikari.HikariDataSource       : HikariPool-1 - Shutdown initiated...
2026-08-31T15:55:36.970+05:30  INFO 10951 --- [bikri] [SpringApplicationShutdownHook] com.zaxxer.hikari.HikariDataSource       : HikariPool-1 - Shutdown completed.
2026-08-31T15:55:41.091+05:30  INFO 11066 --- [bikri] [main] com.perfectkode.bikri.BikriApplication   : Starting BikriApplication using Java 21.0.10 with PID 11066 (/Users/anant-saini/Coding/JavaProjects/bikri/build/classes/java/main started by anant-saini in /Users/anant-saini/Coding/JavaProjects/bikri)
2026-08-31T15:55:41.092+05:30  INFO 11066 --- [bikri] [main] com.perfectkode.bikri.BikriApplication   : No active profile set, falling back to 1 default profile: "default"
2026-08-31T15:55:41.367+05:30  INFO 11066 --- [bikri] [main] .s.d.r.c.RepositoryConfigurationDelegate : Multiple Spring Data modules found, entering strict repository configuration mode
2026-08-31T15:55:41.368+05:30  INFO 11066 --- [bikri] [main] .s.d.r.c.RepositoryConfigurationDelegate : Bootstrapping Spring Data JPA repositories in DEFAULT mode.
2026-08-31T15:55:41.425+05:30  INFO 11066 --- [bikri] [main] .s.d.r.c.RepositoryConfigurationDelegate : Finished Spring Data repository scanning in 54 ms. Found 2 JPA repository interfaces.
2026-08-31T15:55:41.440+05:30  INFO 11066 --- [bikri] [main] .s.d.r.c.RepositoryConfigurationDelegate : Multiple Spring Data modules found, entering strict repository configuration mode
2026-08-31T15:55:41.441+05:30  INFO 11066 --- [bikri] [main] .s.d.r.c.RepositoryConfigurationDelegate : Bootstrapping Spring Data Redis repositories in DEFAULT mode.
2026-08-31T15:55:41.446+05:30  INFO 11066 --- [bikri] [main] .RepositoryConfigurationExtensionSupport : Spring Data Redis - Could not safely identify store assignment for repository candidate interface com.perfectkode.bikri.auth.repository.RoleRepository; If you want this repository to be a Redis repository, consider annotating your entities with one of these annotations: org.springframework.data.redis.core.RedisHash (preferred), or consider extending one of the following types with your repository: org.springframework.data.keyvalue.repository.KeyValueRepository
2026-08-31T15:55:41.446+05:30  INFO 11066 --- [bikri] [main] .RepositoryConfigurationExtensionSupport : Spring Data Redis - Could not safely identify store assignment for repository candidate interface com.perfectkode.bikri.auth.repository.UserRepository; If you want this repository to be a Redis repository, consider annotating your entities with one of these annotations: org.springframework.data.redis.core.RedisHash (preferred), or consider extending one of the following types with your repository: org.springframework.data.keyvalue.repository.KeyValueRepository
2026-08-31T15:55:41.446+05:30  INFO 11066 --- [bikri] [main] .s.d.r.c.RepositoryConfigurationDelegate : Finished Spring Data repository scanning in 2 ms. Found 0 Redis repository interfaces.
2026-08-31T15:55:41.630+05:30  INFO 11066 --- [bikri] [main] o.s.boot.tomcat.TomcatWebServer          : Tomcat initialized with port 8080 (http)
2026-08-31T15:55:41.635+05:30  INFO 11066 --- [bikri] [main] o.apache.catalina.core.StandardService   : Starting service [Tomcat]
2026-08-31T15:55:41.636+05:30  INFO 11066 --- [bikri] [main] o.apache.catalina.core.StandardEngine    : Starting Servlet engine: [Apache Tomcat/11.0.24]
2026-08-31T15:55:41.654+05:30  INFO 11066 --- [bikri] [main] b.w.c.s.WebApplicationContextInitializer : Root WebApplicationContext: initialization completed in 547 ms
2026-08-31T15:55:41.705+05:30  INFO 11066 --- [bikri] [main] org.hibernate.orm.jpa                    : HHH008540: Processing PersistenceUnitInfo [name: default]
2026-08-31T15:55:41.725+05:30  INFO 11066 --- [bikri] [main] org.hibernate.orm.core                   : HHH000001: Hibernate ORM core version 7.4.5.Final
2026-08-31T15:55:41.868+05:30  INFO 11066 --- [bikri] [main] o.s.o.j.p.SpringPersistenceUnitInfo      : No LoadTimeWeaver setup: ignoring JPA class transformer
2026-08-31T15:55:41.879+05:30  INFO 11066 --- [bikri] [main] com.zaxxer.hikari.HikariDataSource       : HikariPool-1 - Starting...
2026-08-31T15:55:41.918+05:30  INFO 11066 --- [bikri] [main] com.zaxxer.hikari.pool.HikariPool        : HikariPool-1 - Added connection org.postgresql.jdbc.PgConnection@7bef7505
2026-08-31T15:55:41.919+05:30  INFO 11066 --- [bikri] [main] com.zaxxer.hikari.HikariDataSource       : HikariPool-1 - Start completed.
2026-08-31T15:55:41.936+05:30  WARN 11066 --- [bikri] [main] org.hibernate.orm.deprecation            : HHH90000025: PostgreSQLDialect does not need to be specified explicitly using 'hibernate.dialect' (remove the property setting and it will be selected by default)
2026-08-31T15:55:41.946+05:30  INFO 11066 --- [bikri] [main] org.hibernate.orm.connections.pooling    : HHH10001005: Database info:
	Database JDBC URL [jdbc:postgresql://localhost:5432/ecom-solution]
	Database driver: PostgreSQL JDBC Driver
	Database dialect: PostgreSQLDialect
	Database version: 18.3
	Default catalog/schema: ecom-solution/public
	Autocommit mode: undefined/unknown
	Isolation level: READ_COMMITTED [default READ_COMMITTED]
	JDBC fetch size: none
	Pool: DataSourceConnectionProvider
	Minimum pool size: undefined/unknown
	Maximum pool size: undefined/unknown
2026-08-31T15:55:42.280+05:30  INFO 11066 --- [bikri] [main] org.hibernate.orm.core                   : HHH000489: No JTA platform available (set 'hibernate.transaction.jta.platform' to enable JTA platform integration)
2026-08-31T15:55:42.330+05:30  INFO 11066 --- [bikri] [main] j.LocalContainerEntityManagerFactoryBean : Initialized JPA EntityManagerFactory for persistence unit 'default'
2026-08-31T15:55:42.358+05:30  INFO 11066 --- [bikri] [main] o.s.d.j.r.query.QueryEnhancerFactories   : Hibernate is in classpath; If applicable, HQL parser will be used.
2026-08-31T15:55:42.470+05:30  INFO 11066 --- [bikri] [main] r$InitializeUserDetailsManagerConfigurer : Global AuthenticationManager configured with UserDetailsService bean with name customUserDetailsService
2026-08-31T15:55:42.503+05:30  WARN 11066 --- [bikri] [main] i.n.r.d.DnsServerAddressStreamProviders  : Can not find io.netty.resolver.dns.macos.MacOSDnsServerAddressStreamProvider in the classpath, fallback to system defaults. This may result in incorrect DNS resolutions on MacOS. Check whether you have a dependency on 'io.netty:netty-resolver-dns-native-macos'
2026-08-31T15:55:42.876+05:30  INFO 11066 --- [bikri] [main] o.s.boot.tomcat.TomcatWebServer          : Tomcat started on port 8080 (http) with context path '/'
2026-08-31T15:55:42.880+05:30  INFO 11066 --- [bikri] [main] com.perfectkode.bikri.BikriApplication   : Started BikriApplication in 1.943 seconds (process running for 2.078)
2026-08-31T15:56:02.699+05:30  INFO 11066 --- [bikri] [http-nio-8080-exec-2] o.a.c.c.C.[Tomcat].[localhost].[/]       : Initializing Spring DispatcherServlet 'dispatcherServlet'
2026-08-31T15:56:02.699+05:30  INFO 11066 --- [bikri] [http-nio-8080-exec-2] o.s.web.servlet.DispatcherServlet        : Initializing Servlet 'dispatcherServlet'
2026-08-31T15:56:02.701+05:30  INFO 11066 --- [bikri] [http-nio-8080-exec-2] o.s.web.servlet.DispatcherServlet        : Completed initialization in 2 ms
2026-08-31T15:56:48.166+05:30  INFO 11066 --- [bikri] [SpringApplicationShutdownHook] o.s.boot.tomcat.GracefulShutdown         : Commencing graceful shutdown. Waiting for active requests to complete
2026-08-31T15:56:48.169+05:30  INFO 11066 --- [bikri] [tomcat-shutdown] o.s.boot.tomcat.GracefulShutdown         : Graceful shutdown complete
2026-08-31T15:56:48.180+05:30  INFO 11066 --- [bikri] [SpringApplicationShutdownHook] j.LocalContainerEntityManagerFactoryBean : Closing JPA EntityManagerFactory for persistence unit 'default'
2026-08-31T15:56:48.182+05:30  INFO 11066 --- [bikri] [SpringApplicationShutdownHook] com.zaxxer.hikari.HikariDataSource       : HikariPool-1 - Shutdown initiated...
2026-08-31T15:56:48.184+05:30  INFO 11066 --- [bikri] [SpringApplicationShutdownHook] com.zaxxer.hikari.HikariDataSource       : HikariPool-1 - Shutdown completed.
2026-08-31T15:56:51.785+05:30  INFO 11133 --- [bikri] [main] com.perfectkode.bikri.BikriApplication   : Starting BikriApplication using Java 21.0.10 with PID 11133 (/Users/anant-saini/Coding/JavaProjects/bikri/build/classes/java/main started by anant-saini in /Users/anant-saini/Coding/JavaProjects/bikri)
2026-08-31T15:56:51.786+05:30  INFO 11133 --- [bikri] [main] com.perfectkode.bikri.BikriApplication   : No active profile set, falling back to 1 default profile: "default"
2026-08-31T15:56:52.056+05:30  INFO 11133 --- [bikri] [main] .s.d.r.c.RepositoryConfigurationDelegate : Multiple Spring Data modules found, entering strict repository configuration mode
2026-08-31T15:56:52.057+05:30  INFO 11133 --- [bikri] [main] .s.d.r.c.RepositoryConfigurationDelegate : Bootstrapping Spring Data JPA repositories in DEFAULT mode.
2026-08-31T15:56:52.113+05:30  INFO 11133 --- [bikri] [main] .s.d.r.c.RepositoryConfigurationDelegate : Finished Spring Data repository scanning in 53 ms. Found 2 JPA repository interfaces.
2026-08-31T15:56:52.128+05:30  INFO 11133 --- [bikri] [main] .s.d.r.c.RepositoryConfigurationDelegate : Multiple Spring Data modules found, entering strict repository configuration mode
2026-08-31T15:56:52.129+05:30  INFO 11133 --- [bikri] [main] .s.d.r.c.RepositoryConfigurationDelegate : Bootstrapping Spring Data Redis repositories in DEFAULT mode.
2026-08-31T15:56:52.134+05:30  INFO 11133 --- [bikri] [main] .RepositoryConfigurationExtensionSupport : Spring Data Redis - Could not safely identify store assignment for repository candidate interface com.perfectkode.bikri.auth.repository.RoleRepository; If you want this repository to be a Redis repository, consider annotating your entities with one of these annotations: org.springframework.data.redis.core.RedisHash (preferred), or consider extending one of the following types with your repository: org.springframework.data.keyvalue.repository.KeyValueRepository
2026-08-31T15:56:52.134+05:30  INFO 11133 --- [bikri] [main] .RepositoryConfigurationExtensionSupport : Spring Data Redis - Could not safely identify store assignment for repository candidate interface com.perfectkode.bikri.auth.repository.UserRepository; If you want this repository to be a Redis repository, consider annotating your entities with one of these annotations: org.springframework.data.redis.core.RedisHash (preferred), or consider extending one of the following types with your repository: org.springframework.data.keyvalue.repository.KeyValueRepository
2026-08-31T15:56:52.134+05:30  INFO 11133 --- [bikri] [main] .s.d.r.c.RepositoryConfigurationDelegate : Finished Spring Data repository scanning in 2 ms. Found 0 Redis repository interfaces.
2026-08-31T15:56:52.316+05:30  INFO 11133 --- [bikri] [main] o.s.boot.tomcat.TomcatWebServer          : Tomcat initialized with port 8080 (http)
2026-08-31T15:56:52.322+05:30  INFO 11133 --- [bikri] [main] o.apache.catalina.core.StandardService   : Starting service [Tomcat]
2026-08-31T15:56:52.322+05:30  INFO 11133 --- [bikri] [main] o.apache.catalina.core.StandardEngine    : Starting Servlet engine: [Apache Tomcat/11.0.24]
2026-08-31T15:56:52.340+05:30  INFO 11133 --- [bikri] [main] b.w.c.s.WebApplicationContextInitializer : Root WebApplicationContext: initialization completed in 538 ms
2026-08-31T15:56:52.394+05:30  INFO 11133 --- [bikri] [main] org.hibernate.orm.jpa                    : HHH008540: Processing PersistenceUnitInfo [name: default]
2026-08-31T15:56:52.414+05:30  INFO 11133 --- [bikri] [main] org.hibernate.orm.core                   : HHH000001: Hibernate ORM core version 7.4.5.Final
2026-08-31T15:56:52.558+05:30  INFO 11133 --- [bikri] [main] o.s.o.j.p.SpringPersistenceUnitInfo      : No LoadTimeWeaver setup: ignoring JPA class transformer
2026-08-31T15:56:52.570+05:30  INFO 11133 --- [bikri] [main] com.zaxxer.hikari.HikariDataSource       : HikariPool-1 - Starting...
2026-08-31T15:56:52.607+05:30  INFO 11133 --- [bikri] [main] com.zaxxer.hikari.pool.HikariPool        : HikariPool-1 - Added connection org.postgresql.jdbc.PgConnection@7bef7505
2026-08-31T15:56:52.607+05:30  INFO 11133 --- [bikri] [main] com.zaxxer.hikari.HikariDataSource       : HikariPool-1 - Start completed.
2026-08-31T15:56:52.620+05:30  WARN 11133 --- [bikri] [main] org.hibernate.orm.deprecation            : HHH90000025: PostgreSQLDialect does not need to be specified explicitly using 'hibernate.dialect' (remove the property setting and it will be selected by default)
2026-08-31T15:56:52.632+05:30  INFO 11133 --- [bikri] [main] org.hibernate.orm.connections.pooling    : HHH10001005: Database info:
	Database JDBC URL [jdbc:postgresql://localhost:5432/ecom-solution]
	Database driver: PostgreSQL JDBC Driver
	Database dialect: PostgreSQLDialect
	Database version: 18.3
	Default catalog/schema: ecom-solution/public
	Autocommit mode: undefined/unknown
	Isolation level: READ_COMMITTED [default READ_COMMITTED]
	JDBC fetch size: none
	Pool: DataSourceConnectionProvider
	Minimum pool size: undefined/unknown
	Maximum pool size: undefined/unknown
2026-08-31T15:56:52.966+05:30  INFO 11133 --- [bikri] [main] org.hibernate.orm.core                   : HHH000489: No JTA platform available (set 'hibernate.transaction.jta.platform' to enable JTA platform integration)
2026-08-31T15:56:53.013+05:30  INFO 11133 --- [bikri] [main] j.LocalContainerEntityManagerFactoryBean : Initialized JPA EntityManagerFactory for persistence unit 'default'
2026-08-31T15:56:53.041+05:30  INFO 11133 --- [bikri] [main] o.s.d.j.r.query.QueryEnhancerFactories   : Hibernate is in classpath; If applicable, HQL parser will be used.
2026-08-31T15:56:53.160+05:30  INFO 11133 --- [bikri] [main] r$InitializeUserDetailsManagerConfigurer : Global AuthenticationManager configured with UserDetailsService bean with name customUserDetailsService
2026-08-31T15:56:53.193+05:30  WARN 11133 --- [bikri] [main] i.n.r.d.DnsServerAddressStreamProviders  : Can not find io.netty.resolver.dns.macos.MacOSDnsServerAddressStreamProvider in the classpath, fallback to system defaults. This may result in incorrect DNS resolutions on MacOS. Check whether you have a dependency on 'io.netty:netty-resolver-dns-native-macos'
2026-08-31T15:56:53.585+05:30  INFO 11133 --- [bikri] [main] o.s.boot.tomcat.TomcatWebServer          : Tomcat started on port 8080 (http) with context path '/'
2026-08-31T15:56:53.589+05:30  INFO 11133 --- [bikri] [main] com.perfectkode.bikri.BikriApplication   : Started BikriApplication in 1.953 seconds (process running for 2.086)
2026-08-31T15:57:21.317+05:30  INFO 11133 --- [bikri] [http-nio-8080-exec-2] o.a.c.c.C.[Tomcat].[localhost].[/]       : Initializing Spring DispatcherServlet 'dispatcherServlet'
2026-08-31T15:57:21.317+05:30  INFO 11133 --- [bikri] [http-nio-8080-exec-2] o.s.web.servlet.DispatcherServlet        : Initializing Servlet 'dispatcherServlet'
2026-08-31T15:57:21.318+05:30  INFO 11133 --- [bikri] [http-nio-8080-exec-2] o.s.web.servlet.DispatcherServlet        : Completed initialization in 1 ms
2026-08-31T15:59:57.833+05:30  INFO 11133 --- [bikri] [SpringApplicationShutdownHook] o.s.boot.tomcat.GracefulShutdown         : Commencing graceful shutdown. Waiting for active requests to complete
2026-08-31T15:59:57.836+05:30  INFO 11133 --- [bikri] [tomcat-shutdown] o.s.boot.tomcat.GracefulShutdown         : Graceful shutdown complete
2026-08-31T15:59:57.848+05:30  INFO 11133 --- [bikri] [SpringApplicationShutdownHook] j.LocalContainerEntityManagerFactoryBean : Closing JPA EntityManagerFactory for persistence unit 'default'
2026-08-31T15:59:57.850+05:30  INFO 11133 --- [bikri] [SpringApplicationShutdownHook] com.zaxxer.hikari.HikariDataSource       : HikariPool-1 - Shutdown initiated...
2026-08-31T15:59:57.851+05:30  INFO 11133 --- [bikri] [SpringApplicationShutdownHook] com.zaxxer.hikari.HikariDataSource       : HikariPool-1 - Shutdown completed.
2026-08-31T16:00:01.267+05:30  INFO 11236 --- [bikri] [main] com.perfectkode.bikri.BikriApplication   : Starting BikriApplication using Java 21.0.10 with PID 11236 (/Users/anant-saini/Coding/JavaProjects/bikri/build/classes/java/main started by anant-saini in /Users/anant-saini/Coding/JavaProjects/bikri)
2026-08-31T16:00:01.268+05:30  INFO 11236 --- [bikri] [main] com.perfectkode.bikri.BikriApplication   : No active profile set, falling back to 1 default profile: "default"
2026-08-31T16:00:01.543+05:30  INFO 11236 --- [bikri] [main] .s.d.r.c.RepositoryConfigurationDelegate : Multiple Spring Data modules found, entering strict repository configuration mode
2026-08-31T16:00:01.544+05:30  INFO 11236 --- [bikri] [main] .s.d.r.c.RepositoryConfigurationDelegate : Bootstrapping Spring Data JPA repositories in DEFAULT mode.
2026-08-31T16:00:01.602+05:30  INFO 11236 --- [bikri] [main] .s.d.r.c.RepositoryConfigurationDelegate : Finished Spring Data repository scanning in 55 ms. Found 2 JPA repository interfaces.
2026-08-31T16:00:01.617+05:30  INFO 11236 --- [bikri] [main] .s.d.r.c.RepositoryConfigurationDelegate : Multiple Spring Data modules found, entering strict repository configuration mode
2026-08-31T16:00:01.618+05:30  INFO 11236 --- [bikri] [main] .s.d.r.c.RepositoryConfigurationDelegate : Bootstrapping Spring Data Redis repositories in DEFAULT mode.
2026-08-31T16:00:01.622+05:30  INFO 11236 --- [bikri] [main] .RepositoryConfigurationExtensionSupport : Spring Data Redis - Could not safely identify store assignment for repository candidate interface com.perfectkode.bikri.auth.repository.RoleRepository; If you want this repository to be a Redis repository, consider annotating your entities with one of these annotations: org.springframework.data.redis.core.RedisHash (preferred), or consider extending one of the following types with your repository: org.springframework.data.keyvalue.repository.KeyValueRepository
2026-08-31T16:00:01.623+05:30  INFO 11236 --- [bikri] [main] .RepositoryConfigurationExtensionSupport : Spring Data Redis - Could not safely identify store assignment for repository candidate interface com.perfectkode.bikri.auth.repository.UserRepository; If you want this repository to be a Redis repository, consider annotating your entities with one of these annotations: org.springframework.data.redis.core.RedisHash (preferred), or consider extending one of the following types with your repository: org.springframework.data.keyvalue.repository.KeyValueRepository
2026-08-31T16:00:01.623+05:30  INFO 11236 --- [bikri] [main] .s.d.r.c.RepositoryConfigurationDelegate : Finished Spring Data repository scanning in 2 ms. Found 0 Redis repository interfaces.
2026-08-31T16:00:01.808+05:30  INFO 11236 --- [bikri] [main] o.s.boot.tomcat.TomcatWebServer          : Tomcat initialized with port 8080 (http)
2026-08-31T16:00:01.814+05:30  INFO 11236 --- [bikri] [main] o.apache.catalina.core.StandardService   : Starting service [Tomcat]
2026-08-31T16:00:01.814+05:30  INFO 11236 --- [bikri] [main] o.apache.catalina.core.StandardEngine    : Starting Servlet engine: [Apache Tomcat/11.0.24]
2026-08-31T16:00:01.834+05:30  INFO 11236 --- [bikri] [main] b.w.c.s.WebApplicationContextInitializer : Root WebApplicationContext: initialization completed in 548 ms
2026-08-31T16:00:01.886+05:30  INFO 11236 --- [bikri] [main] org.hibernate.orm.jpa                    : HHH008540: Processing PersistenceUnitInfo [name: default]
2026-08-31T16:00:01.906+05:30  INFO 11236 --- [bikri] [main] org.hibernate.orm.core                   : HHH000001: Hibernate ORM core version 7.4.5.Final
2026-08-31T16:00:02.054+05:30  INFO 11236 --- [bikri] [main] o.s.o.j.p.SpringPersistenceUnitInfo      : No LoadTimeWeaver setup: ignoring JPA class transformer
2026-08-31T16:00:02.065+05:30  INFO 11236 --- [bikri] [main] com.zaxxer.hikari.HikariDataSource       : HikariPool-1 - Starting...
2026-08-31T16:00:02.104+05:30  INFO 11236 --- [bikri] [main] com.zaxxer.hikari.pool.HikariPool        : HikariPool-1 - Added connection org.postgresql.jdbc.PgConnection@7bef7505
2026-08-31T16:00:02.105+05:30  INFO 11236 --- [bikri] [main] com.zaxxer.hikari.HikariDataSource       : HikariPool-1 - Start completed.
2026-08-31T16:00:02.119+05:30  WARN 11236 --- [bikri] [main] org.hibernate.orm.deprecation            : HHH90000025: PostgreSQLDialect does not need to be specified explicitly using 'hibernate.dialect' (remove the property setting and it will be selected by default)
2026-08-31T16:00:02.128+05:30  INFO 11236 --- [bikri] [main] org.hibernate.orm.connections.pooling    : HHH10001005: Database info:
	Database JDBC URL [jdbc:postgresql://localhost:5432/ecom-solution]
	Database driver: PostgreSQL JDBC Driver
	Database dialect: PostgreSQLDialect
	Database version: 18.3
	Default catalog/schema: ecom-solution/public
	Autocommit mode: undefined/unknown
	Isolation level: READ_COMMITTED [default READ_COMMITTED]
	JDBC fetch size: none
	Pool: DataSourceConnectionProvider
	Minimum pool size: undefined/unknown
	Maximum pool size: undefined/unknown
2026-08-31T16:00:02.467+05:30  INFO 11236 --- [bikri] [main] org.hibernate.orm.core                   : HHH000489: No JTA platform available (set 'hibernate.transaction.jta.platform' to enable JTA platform integration)
2026-08-31T16:00:02.517+05:30  INFO 11236 --- [bikri] [main] j.LocalContainerEntityManagerFactoryBean : Initialized JPA EntityManagerFactory for persistence unit 'default'
2026-08-31T16:00:02.544+05:30  INFO 11236 --- [bikri] [main] o.s.d.j.r.query.QueryEnhancerFactories   : Hibernate is in classpath; If applicable, HQL parser will be used.
2026-08-31T16:00:02.661+05:30  INFO 11236 --- [bikri] [main] r$InitializeUserDetailsManagerConfigurer : Global AuthenticationManager configured with UserDetailsService bean with name customUserDetailsService
2026-08-31T16:00:02.694+05:30  WARN 11236 --- [bikri] [main] i.n.r.d.DnsServerAddressStreamProviders  : Can not find io.netty.resolver.dns.macos.MacOSDnsServerAddressStreamProvider in the classpath, fallback to system defaults. This may result in incorrect DNS resolutions on MacOS. Check whether you have a dependency on 'io.netty:netty-resolver-dns-native-macos'
2026-08-31T16:00:03.076+05:30  INFO 11236 --- [bikri] [main] o.s.boot.tomcat.TomcatWebServer          : Tomcat started on port 8080 (http) with context path '/'
2026-08-31T16:00:03.080+05:30  INFO 11236 --- [bikri] [main] com.perfectkode.bikri.BikriApplication   : Started BikriApplication in 1.965 seconds (process running for 2.095)
2026-08-31T16:00:07.408+05:30  INFO 11236 --- [bikri] [http-nio-8080-exec-2] o.a.c.c.C.[Tomcat].[localhost].[/]       : Initializing Spring DispatcherServlet 'dispatcherServlet'
2026-08-31T16:00:07.408+05:30  INFO 11236 --- [bikri] [http-nio-8080-exec-2] o.s.web.servlet.DispatcherServlet        : Initializing Servlet 'dispatcherServlet'
2026-08-31T16:00:07.409+05:30  INFO 11236 --- [bikri] [http-nio-8080-exec-2] o.s.web.servlet.DispatcherServlet        : Completed initialization in 1 ms
2026-08-31T16:00:07.642+05:30  INFO 11236 --- [bikri] [http-nio-8080-exec-2] c.p.bikri.security.jwt.JwtTokenProvider  : Generating JWT token for user: aditi@gmail.com
2026-08-31T16:01:52.047+05:30  INFO 11236 --- [bikri] [SpringApplicationShutdownHook] o.s.boot.tomcat.GracefulShutdown         : Commencing graceful shutdown. Waiting for active requests to complete
2026-08-31T16:01:52.050+05:30  INFO 11236 --- [bikri] [tomcat-shutdown] o.s.boot.tomcat.GracefulShutdown         : Graceful shutdown complete
2026-08-31T16:01:52.062+05:30  INFO 11236 --- [bikri] [SpringApplicationShutdownHook] j.LocalContainerEntityManagerFactoryBean : Closing JPA EntityManagerFactory for persistence unit 'default'
2026-08-31T16:01:52.063+05:30  INFO 11236 --- [bikri] [SpringApplicationShutdownHook] com.zaxxer.hikari.HikariDataSource       : HikariPool-1 - Shutdown initiated...
2026-08-31T16:01:52.064+05:30  INFO 11236 --- [bikri] [SpringApplicationShutdownHook] com.zaxxer.hikari.HikariDataSource       : HikariPool-1 - Shutdown completed.
2026-08-31T16:01:59.322+05:30  INFO 11309 --- [bikri] [main] com.perfectkode.bikri.BikriApplication   : Starting BikriApplication using Java 21.0.10 with PID 11309 (/Users/anant-saini/Coding/JavaProjects/bikri/build/classes/java/main started by anant-saini in /Users/anant-saini/Coding/JavaProjects/bikri)
2026-08-31T16:01:59.323+05:30  INFO 11309 --- [bikri] [main] com.perfectkode.bikri.BikriApplication   : No active profile set, falling back to 1 default profile: "default"
2026-08-31T16:01:59.594+05:30  INFO 11309 --- [bikri] [main] .s.d.r.c.RepositoryConfigurationDelegate : Multiple Spring Data modules found, entering strict repository configuration mode
2026-08-31T16:01:59.595+05:30  INFO 11309 --- [bikri] [main] .s.d.r.c.RepositoryConfigurationDelegate : Bootstrapping Spring Data JPA repositories in DEFAULT mode.
2026-08-31T16:01:59.651+05:30  INFO 11309 --- [bikri] [main] .s.d.r.c.RepositoryConfigurationDelegate : Finished Spring Data repository scanning in 53 ms. Found 2 JPA repository interfaces.
2026-08-31T16:01:59.666+05:30  INFO 11309 --- [bikri] [main] .s.d.r.c.RepositoryConfigurationDelegate : Multiple Spring Data modules found, entering strict repository configuration mode
2026-08-31T16:01:59.667+05:30  INFO 11309 --- [bikri] [main] .s.d.r.c.RepositoryConfigurationDelegate : Bootstrapping Spring Data Redis repositories in DEFAULT mode.
2026-08-31T16:01:59.672+05:30  INFO 11309 --- [bikri] [main] .RepositoryConfigurationExtensionSupport : Spring Data Redis - Could not safely identify store assignment for repository candidate interface com.perfectkode.bikri.auth.repository.RoleRepository; If you want this repository to be a Redis repository, consider annotating your entities with one of these annotations: org.springframework.data.redis.core.RedisHash (preferred), or consider extending one of the following types with your repository: org.springframework.data.keyvalue.repository.KeyValueRepository
2026-08-31T16:01:59.672+05:30  INFO 11309 --- [bikri] [main] .RepositoryConfigurationExtensionSupport : Spring Data Redis - Could not safely identify store assignment for repository candidate interface com.perfectkode.bikri.auth.repository.UserRepository; If you want this repository to be a Redis repository, consider annotating your entities with one of these annotations: org.springframework.data.redis.core.RedisHash (preferred), or consider extending one of the following types with your repository: org.springframework.data.keyvalue.repository.KeyValueRepository
2026-08-31T16:01:59.672+05:30  INFO 11309 --- [bikri] [main] .s.d.r.c.RepositoryConfigurationDelegate : Finished Spring Data repository scanning in 2 ms. Found 0 Redis repository interfaces.
2026-08-31T16:01:59.856+05:30  INFO 11309 --- [bikri] [main] o.s.boot.tomcat.TomcatWebServer          : Tomcat initialized with port 8080 (http)
2026-08-31T16:01:59.861+05:30  INFO 11309 --- [bikri] [main] o.apache.catalina.core.StandardService   : Starting service [Tomcat]
2026-08-31T16:01:59.861+05:30  INFO 11309 --- [bikri] [main] o.apache.catalina.core.StandardEngine    : Starting Servlet engine: [Apache Tomcat/11.0.24]
2026-08-31T16:01:59.879+05:30  INFO 11309 --- [bikri] [main] b.w.c.s.WebApplicationContextInitializer : Root WebApplicationContext: initialization completed in 541 ms
2026-08-31T16:01:59.930+05:30  INFO 11309 --- [bikri] [main] org.hibernate.orm.jpa                    : HHH008540: Processing PersistenceUnitInfo [name: default]
2026-08-31T16:01:59.950+05:30  INFO 11309 --- [bikri] [main] org.hibernate.orm.core                   : HHH000001: Hibernate ORM core version 7.4.5.Final
2026-08-31T16:02:00.096+05:30  INFO 11309 --- [bikri] [main] o.s.o.j.p.SpringPersistenceUnitInfo      : No LoadTimeWeaver setup: ignoring JPA class transformer
2026-08-31T16:02:00.107+05:30  INFO 11309 --- [bikri] [main] com.zaxxer.hikari.HikariDataSource       : HikariPool-1 - Starting...
2026-08-31T16:02:00.144+05:30  INFO 11309 --- [bikri] [main] com.zaxxer.hikari.pool.HikariPool        : HikariPool-1 - Added connection org.postgresql.jdbc.PgConnection@7bef7505
2026-08-31T16:02:00.145+05:30  INFO 11309 --- [bikri] [main] com.zaxxer.hikari.HikariDataSource       : HikariPool-1 - Start completed.
2026-08-31T16:02:00.158+05:30  WARN 11309 --- [bikri] [main] org.hibernate.orm.deprecation            : HHH90000025: PostgreSQLDialect does not need to be specified explicitly using 'hibernate.dialect' (remove the property setting and it will be selected by default)
2026-08-31T16:02:00.167+05:30  INFO 11309 --- [bikri] [main] org.hibernate.orm.connections.pooling    : HHH10001005: Database info:
	Database JDBC URL [jdbc:postgresql://localhost:5432/ecom-solution]
	Database driver: PostgreSQL JDBC Driver
	Database dialect: PostgreSQLDialect
	Database version: 18.3
	Default catalog/schema: ecom-solution/public
	Autocommit mode: undefined/unknown
	Isolation level: READ_COMMITTED [default READ_COMMITTED]
	JDBC fetch size: none
	Pool: DataSourceConnectionProvider
	Minimum pool size: undefined/unknown
	Maximum pool size: undefined/unknown
2026-08-31T16:02:00.499+05:30  INFO 11309 --- [bikri] [main] org.hibernate.orm.core                   : HHH000489: No JTA platform available (set 'hibernate.transaction.jta.platform' to enable JTA platform integration)
2026-08-31T16:02:00.543+05:30  INFO 11309 --- [bikri] [main] j.LocalContainerEntityManagerFactoryBean : Initialized JPA EntityManagerFactory for persistence unit 'default'
2026-08-31T16:02:00.571+05:30  INFO 11309 --- [bikri] [main] o.s.d.j.r.query.QueryEnhancerFactories   : Hibernate is in classpath; If applicable, HQL parser will be used.
2026-08-31T16:02:00.687+05:30  INFO 11309 --- [bikri] [main] r$InitializeUserDetailsManagerConfigurer : Global AuthenticationManager configured with UserDetailsService bean with name customUserDetailsService
2026-08-31T16:02:00.720+05:30  WARN 11309 --- [bikri] [main] i.n.r.d.DnsServerAddressStreamProviders  : Can not find io.netty.resolver.dns.macos.MacOSDnsServerAddressStreamProvider in the classpath, fallback to system defaults. This may result in incorrect DNS resolutions on MacOS. Check whether you have a dependency on 'io.netty:netty-resolver-dns-native-macos'
2026-08-31T16:02:01.094+05:30  INFO 11309 --- [bikri] [main] o.s.boot.tomcat.TomcatWebServer          : Tomcat started on port 8080 (http) with context path '/'
2026-08-31T16:02:01.098+05:30  INFO 11309 --- [bikri] [main] com.perfectkode.bikri.BikriApplication   : Started BikriApplication in 1.922 seconds (process running for 2.052)
2026-08-31T16:02:09.786+05:30  INFO 11309 --- [bikri] [http-nio-8080-exec-2] o.a.c.c.C.[Tomcat].[localhost].[/]       : Initializing Spring DispatcherServlet 'dispatcherServlet'
2026-08-31T16:02:09.786+05:30  INFO 11309 --- [bikri] [http-nio-8080-exec-2] o.s.web.servlet.DispatcherServlet        : Initializing Servlet 'dispatcherServlet'
2026-08-31T16:02:09.788+05:30  INFO 11309 --- [bikri] [http-nio-8080-exec-2] o.s.web.servlet.DispatcherServlet        : Completed initialization in 0 ms
2026-08-31T16:02:10.013+05:30  INFO 11309 --- [bikri] [http-nio-8080-exec-2] c.p.bikri.security.jwt.JwtTokenProvider  : Generating JWT token for user: aditi@gmail.com
2026-08-31T16:02:16.614+05:30  INFO 11309 --- [bikri] [http-nio-8080-exec-4] c.p.bikri.security.jwt.JwtTokenProvider  : Generating JWT token for user: aditi@gmail.com
2026-08-31T16:08:18.376+05:30  INFO 11309 --- [bikri] [SpringApplicationShutdownHook] o.s.boot.tomcat.GracefulShutdown         : Commencing graceful shutdown. Waiting for active requests to complete
2026-08-31T16:08:18.380+05:30  INFO 11309 --- [bikri] [tomcat-shutdown] o.s.boot.tomcat.GracefulShutdown         : Graceful shutdown complete
2026-08-31T16:08:18.395+05:30  INFO 11309 --- [bikri] [SpringApplicationShutdownHook] j.LocalContainerEntityManagerFactoryBean : Closing JPA EntityManagerFactory for persistence unit 'default'
2026-08-31T16:08:18.398+05:30  INFO 11309 --- [bikri] [SpringApplicationShutdownHook] com.zaxxer.hikari.HikariDataSource       : HikariPool-1 - Shutdown initiated...
2026-08-31T16:08:18.399+05:30  INFO 11309 --- [bikri] [SpringApplicationShutdownHook] com.zaxxer.hikari.HikariDataSource       : HikariPool-1 - Shutdown completed.
2026-08-31T16:08:21.730+05:30  INFO 11446 --- [bikri] [main] com.perfectkode.bikri.BikriApplication   : Starting BikriApplication using Java 21.0.10 with PID 11446 (/Users/anant-saini/Coding/JavaProjects/bikri/build/classes/java/main started by anant-saini in /Users/anant-saini/Coding/JavaProjects/bikri)
2026-08-31T16:08:21.731+05:30  INFO 11446 --- [bikri] [main] com.perfectkode.bikri.BikriApplication   : No active profile set, falling back to 1 default profile: "default"
2026-08-31T16:08:22.008+05:30  INFO 11446 --- [bikri] [main] .s.d.r.c.RepositoryConfigurationDelegate : Multiple Spring Data modules found, entering strict repository configuration mode
2026-08-31T16:08:22.009+05:30  INFO 11446 --- [bikri] [main] .s.d.r.c.RepositoryConfigurationDelegate : Bootstrapping Spring Data JPA repositories in DEFAULT mode.
2026-08-31T16:08:22.067+05:30  INFO 11446 --- [bikri] [main] .s.d.r.c.RepositoryConfigurationDelegate : Finished Spring Data repository scanning in 54 ms. Found 2 JPA repository interfaces.
2026-08-31T16:08:22.082+05:30  INFO 11446 --- [bikri] [main] .s.d.r.c.RepositoryConfigurationDelegate : Multiple Spring Data modules found, entering strict repository configuration mode
2026-08-31T16:08:22.082+05:30  INFO 11446 --- [bikri] [main] .s.d.r.c.RepositoryConfigurationDelegate : Bootstrapping Spring Data Redis repositories in DEFAULT mode.
2026-08-31T16:08:22.087+05:30  INFO 11446 --- [bikri] [main] .RepositoryConfigurationExtensionSupport : Spring Data Redis - Could not safely identify store assignment for repository candidate interface com.perfectkode.bikri.auth.repository.RoleRepository; If you want this repository to be a Redis repository, consider annotating your entities with one of these annotations: org.springframework.data.redis.core.RedisHash (preferred), or consider extending one of the following types with your repository: org.springframework.data.keyvalue.repository.KeyValueRepository
2026-08-31T16:08:22.087+05:30  INFO 11446 --- [bikri] [main] .RepositoryConfigurationExtensionSupport : Spring Data Redis - Could not safely identify store assignment for repository candidate interface com.perfectkode.bikri.auth.repository.UserRepository; If you want this repository to be a Redis repository, consider annotating your entities with one of these annotations: org.springframework.data.redis.core.RedisHash (preferred), or consider extending one of the following types with your repository: org.springframework.data.keyvalue.repository.KeyValueRepository
2026-08-31T16:08:22.087+05:30  INFO 11446 --- [bikri] [main] .s.d.r.c.RepositoryConfigurationDelegate : Finished Spring Data repository scanning in 2 ms. Found 0 Redis repository interfaces.
2026-08-31T16:08:22.267+05:30  INFO 11446 --- [bikri] [main] o.s.boot.tomcat.TomcatWebServer          : Tomcat initialized with port 8080 (http)
2026-08-31T16:08:22.273+05:30  INFO 11446 --- [bikri] [main] o.apache.catalina.core.StandardService   : Starting service [Tomcat]
2026-08-31T16:08:22.273+05:30  INFO 11446 --- [bikri] [main] o.apache.catalina.core.StandardEngine    : Starting Servlet engine: [Apache Tomcat/11.0.24]
2026-08-31T16:08:22.291+05:30  INFO 11446 --- [bikri] [main] b.w.c.s.WebApplicationContextInitializer : Root WebApplicationContext: initialization completed in 544 ms
2026-08-31T16:08:22.341+05:30  INFO 11446 --- [bikri] [main] org.hibernate.orm.jpa                    : HHH008540: Processing PersistenceUnitInfo [name: default]
2026-08-31T16:08:22.361+05:30  INFO 11446 --- [bikri] [main] org.hibernate.orm.core                   : HHH000001: Hibernate ORM core version 7.4.5.Final
2026-08-31T16:08:22.507+05:30  INFO 11446 --- [bikri] [main] o.s.o.j.p.SpringPersistenceUnitInfo      : No LoadTimeWeaver setup: ignoring JPA class transformer
2026-08-31T16:08:22.518+05:30  INFO 11446 --- [bikri] [main] com.zaxxer.hikari.HikariDataSource       : HikariPool-1 - Starting...
2026-08-31T16:08:22.558+05:30  INFO 11446 --- [bikri] [main] com.zaxxer.hikari.pool.HikariPool        : HikariPool-1 - Added connection org.postgresql.jdbc.PgConnection@48b09105
2026-08-31T16:08:22.558+05:30  INFO 11446 --- [bikri] [main] com.zaxxer.hikari.HikariDataSource       : HikariPool-1 - Start completed.
2026-08-31T16:08:22.572+05:30  WARN 11446 --- [bikri] [main] org.hibernate.orm.deprecation            : HHH90000025: PostgreSQLDialect does not need to be specified explicitly using 'hibernate.dialect' (remove the property setting and it will be selected by default)
2026-08-31T16:08:22.582+05:30  INFO 11446 --- [bikri] [main] org.hibernate.orm.connections.pooling    : HHH10001005: Database info:
	Database JDBC URL [jdbc:postgresql://localhost:5432/ecom-solution]
	Database driver: PostgreSQL JDBC Driver
	Database dialect: PostgreSQLDialect
	Database version: 18.3
	Default catalog/schema: ecom-solution/public
	Autocommit mode: undefined/unknown
	Isolation level: READ_COMMITTED [default READ_COMMITTED]
	JDBC fetch size: none
	Pool: DataSourceConnectionProvider
	Minimum pool size: undefined/unknown
	Maximum pool size: undefined/unknown
2026-08-31T16:08:22.917+05:30  INFO 11446 --- [bikri] [main] org.hibernate.orm.core                   : HHH000489: No JTA platform available (set 'hibernate.transaction.jta.platform' to enable JTA platform integration)
2026-08-31T16:08:22.966+05:30  INFO 11446 --- [bikri] [main] j.LocalContainerEntityManagerFactoryBean : Initialized JPA EntityManagerFactory for persistence unit 'default'
2026-08-31T16:08:22.994+05:30  INFO 11446 --- [bikri] [main] o.s.d.j.r.query.QueryEnhancerFactories   : Hibernate is in classpath; If applicable, HQL parser will be used.
2026-08-31T16:08:23.108+05:30  INFO 11446 --- [bikri] [main] r$InitializeUserDetailsManagerConfigurer : Global AuthenticationManager configured with UserDetailsService bean with name customUserDetailsService
2026-08-31T16:08:23.141+05:30  WARN 11446 --- [bikri] [main] i.n.r.d.DnsServerAddressStreamProviders  : Can not find io.netty.resolver.dns.macos.MacOSDnsServerAddressStreamProvider in the classpath, fallback to system defaults. This may result in incorrect DNS resolutions on MacOS. Check whether you have a dependency on 'io.netty:netty-resolver-dns-native-macos'
2026-08-31T16:08:23.506+05:30  INFO 11446 --- [bikri] [main] o.s.boot.tomcat.TomcatWebServer          : Tomcat started on port 8080 (http) with context path '/'
2026-08-31T16:08:23.510+05:30  INFO 11446 --- [bikri] [main] com.perfectkode.bikri.BikriApplication   : Started BikriApplication in 1.932 seconds (process running for 2.062)
2026-08-31T16:08:32.680+05:30  INFO 11446 --- [bikri] [http-nio-8080-exec-2] o.a.c.c.C.[Tomcat].[localhost].[/]       : Initializing Spring DispatcherServlet 'dispatcherServlet'
2026-08-31T16:08:32.680+05:30  INFO 11446 --- [bikri] [http-nio-8080-exec-2] o.s.web.servlet.DispatcherServlet        : Initializing Servlet 'dispatcherServlet'
2026-08-31T16:08:32.681+05:30  INFO 11446 --- [bikri] [http-nio-8080-exec-2] o.s.web.servlet.DispatcherServlet        : Completed initialization in 1 ms
2026-08-31T16:08:32.913+05:30  INFO 11446 --- [bikri] [http-nio-8080-exec-2] c.p.bikri.security.jwt.JwtTokenProvider  : Generating JWT token for user: aditi@gmail.com
2026-08-31T16:08:32.915+05:30 ERROR 11446 --- [bikri] [http-nio-8080-exec-2] c.p.b.c.e.GlobalExceptionHandler         : For input string: "3600000  # 1 hour in milliseconds"

java.lang.NumberFormatException: For input string: "3600000  # 1 hour in milliseconds"
	at java.base/java.lang.NumberFormatException.forInputString(NumberFormatException.java:67) ~[na:na]
	at java.base/java.lang.Long.parseLong(Long.java:709) ~[na:na]
	at java.base/java.lang.Long.parseLong(Long.java:832) ~[na:na]
	at com.perfectkode.bikri.security.jwt.JwtTokenProvider.generateToken(JwtTokenProvider.java:36) ~[main/:na]
	at com.perfectkode.bikri.auth.service.auth.AuthServiceImpl.login(AuthServiceImpl.java:125) ~[main/:na]
	at java.base/jdk.internal.reflect.DirectMethodHandleAccessor.invoke(DirectMethodHandleAccessor.java:103) ~[na:na]
	at java.base/java.lang.reflect.Method.invoke(Method.java:580) ~[na:na]
	at org.springframework.aop.support.AopUtils.invokeJoinpointUsingReflection(AopUtils.java:359) ~[spring-aop-7.0.9.jar:7.0.9]
	at org.springframework.aop.framework.ReflectiveMethodInvocation.invokeJoinpoint(ReflectiveMethodInvocation.java:190) ~[spring-aop-7.0.9.jar:7.0.9]
	at org.springframework.aop.framework.ReflectiveMethodInvocation.proceed(ReflectiveMethodInvocation.java:158) ~[spring-aop-7.0.9.jar:7.0.9]
	at org.springframework.transaction.interceptor.TransactionInterceptor$1.proceedWithInvocation(TransactionInterceptor.java:133) ~[spring-tx-7.0.9.jar:7.0.9]
	at org.springframework.transaction.interceptor.TransactionAspectSupport.invokeWithinTransaction(TransactionAspectSupport.java:371) ~[spring-tx-7.0.9.jar:7.0.9]
	at org.springframework.transaction.interceptor.TransactionInterceptor.invoke(TransactionInterceptor.java:130) ~[spring-tx-7.0.9.jar:7.0.9]
	at org.springframework.aop.framework.ReflectiveMethodInvocation.proceed(ReflectiveMethodInvocation.java:179) ~[spring-aop-7.0.9.jar:7.0.9]
	at org.springframework.aop.framework.CglibAopProxy$DynamicAdvisedInterceptor.intercept(CglibAopProxy.java:719) ~[spring-aop-7.0.9.jar:7.0.9]
	at com.perfectkode.bikri.auth.service.auth.AuthServiceImpl$$SpringCGLIB$$0.login(<generated>) ~[main/:na]
	at com.perfectkode.bikri.auth.controller.AuthController.login(AuthController.java:36) ~[main/:na]
	at java.base/jdk.internal.reflect.DirectMethodHandleAccessor.invoke(DirectMethodHandleAccessor.java:103) ~[na:na]
	at java.base/java.lang.reflect.Method.invoke(Method.java:580) ~[na:na]
	at org.springframework.web.method.support.InvocableHandlerMethod.doInvoke(InvocableHandlerMethod.java:252) ~[spring-web-7.0.9.jar:7.0.9]
	at org.springframework.web.method.support.InvocableHandlerMethod.invokeForRequest(InvocableHandlerMethod.java:184) ~[spring-web-7.0.9.jar:7.0.9]
	at org.springframework.web.servlet.mvc.method.annotation.ServletInvocableHandlerMethod.invokeAndHandle(ServletInvocableHandlerMethod.java:117) ~[spring-webmvc-7.0.9.jar:7.0.9]
	at org.springframework.web.servlet.mvc.method.annotation.RequestMappingHandlerAdapter.invokeHandlerMethod(RequestMappingHandlerAdapter.java:934) ~[spring-webmvc-7.0.9.jar:7.0.9]
	at org.springframework.web.servlet.mvc.method.annotation.RequestMappingHandlerAdapter.handleInternal(RequestMappingHandlerAdapter.java:853) ~[spring-webmvc-7.0.9.jar:7.0.9]
	at org.springframework.web.servlet.mvc.method.AbstractHandlerMethodAdapter.handle(AbstractHandlerMethodAdapter.java:86) ~[spring-webmvc-7.0.9.jar:7.0.9]
	at org.springframework.web.servlet.DispatcherServlet.doDispatch(DispatcherServlet.java:963) ~[spring-webmvc-7.0.9.jar:7.0.9]
	at org.springframework.web.servlet.DispatcherServlet.doService(DispatcherServlet.java:866) ~[spring-webmvc-7.0.9.jar:7.0.9]
	at org.springframework.web.servlet.FrameworkServlet.processRequest(FrameworkServlet.java:1000) ~[spring-webmvc-7.0.9.jar:7.0.9]
	at org.springframework.web.servlet.FrameworkServlet.doPost(FrameworkServlet.java:903) ~[spring-webmvc-7.0.9.jar:7.0.9]
	at jakarta.servlet.http.HttpServlet.service(HttpServlet.java:649) ~[tomcat-embed-core-11.0.24.jar:6.1]
	at org.springframework.web.servlet.FrameworkServlet.service(FrameworkServlet.java:874) ~[spring-webmvc-7.0.9.jar:7.0.9]
	at jakarta.servlet.http.HttpServlet.service(HttpServlet.java:710) ~[tomcat-embed-core-11.0.24.jar:6.1]
	at org.apache.catalina.core.ApplicationFilterChain.doFilter(ApplicationFilterChain.java:132) ~[tomcat-embed-core-11.0.24.jar:11.0.24]
	at org.apache.tomcat.websocket.server.WsFilter.doFilter(WsFilter.java:59) ~[tomcat-embed-websocket-11.0.24.jar:11.0.24]
	at org.apache.catalina.core.ApplicationFilterChain.doFilter(ApplicationFilterChain.java:111) ~[tomcat-embed-core-11.0.24.jar:11.0.24]
	at org.springframework.web.filter.OncePerRequestFilter.doFilter(OncePerRequestFilter.java:110) ~[spring-web-7.0.9.jar:7.0.9]
	at org.apache.catalina.core.ApplicationFilterChain.doFilter(ApplicationFilterChain.java:111) ~[tomcat-embed-core-11.0.24.jar:11.0.24]
	at org.springframework.web.filter.CompositeFilter$VirtualFilterChain.doFilter(CompositeFilter.java:108) ~[spring-web-7.0.9.jar:7.0.9]
	at org.springframework.security.web.FilterChainProxy.lambda$doFilterInternal$2(FilterChainProxy.java:235) ~[spring-security-web-7.1.1.jar:7.1.1]
	at org.springframework.security.web.FilterChainProxy$VirtualFilterChain.doFilter(FilterChainProxy.java:376) ~[spring-security-web-7.1.1.jar:7.1.1]
	at org.springframework.security.web.access.intercept.AuthorizationFilter.doFilter(AuthorizationFilter.java:101) ~[spring-security-web-7.1.1.jar:7.1.1]
	at org.springframework.security.web.FilterChainProxy$VirtualFilterChain.doFilter(FilterChainProxy.java:385) ~[spring-security-web-7.1.1.jar:7.1.1]
	at org.springframework.security.web.access.ExceptionTranslationFilter.doFilter(ExceptionTranslationFilter.java:126) ~[spring-security-web-7.1.1.jar:7.1.1]
	at org.springframework.security.web.access.ExceptionTranslationFilter.doFilter(ExceptionTranslationFilter.java:120) ~[spring-security-web-7.1.1.jar:7.1.1]
	at org.springframework.security.web.FilterChainProxy$VirtualFilterChain.doFilter(FilterChainProxy.java:385) ~[spring-security-web-7.1.1.jar:7.1.1]
	at org.springframework.security.web.session.SessionManagementFilter.doFilter(SessionManagementFilter.java:132) ~[spring-security-web-7.1.1.jar:7.1.1]
	at org.springframework.security.web.session.SessionManagementFilter.doFilter(SessionManagementFilter.java:86) ~[spring-security-web-7.1.1.jar:7.1.1]
	at org.springframework.security.web.FilterChainProxy$VirtualFilterChain.doFilter(FilterChainProxy.java:385) ~[spring-security-web-7.1.1.jar:7.1.1]
	at org.springframework.security.web.authentication.AnonymousAuthenticationFilter.doFilter(AnonymousAuthenticationFilter.java:100) ~[spring-security-web-7.1.1.jar:7.1.1]
	at org.springframework.security.web.FilterChainProxy$VirtualFilterChain.doFilter(FilterChainProxy.java:385) ~[spring-security-web-7.1.1.jar:7.1.1]
	at org.springframework.security.web.servletapi.SecurityContextHolderAwareRequestFilter.doFilter(SecurityContextHolderAwareRequestFilter.java:181) ~[spring-security-web-7.1.1.jar:7.1.1]
	at org.springframework.security.web.FilterChainProxy$VirtualFilterChain.doFilter(FilterChainProxy.java:385) ~[spring-security-web-7.1.1.jar:7.1.1]
	at org.springframework.security.web.savedrequest.RequestCacheAwareFilter.doFilter(RequestCacheAwareFilter.java:63) ~[spring-security-web-7.1.1.jar:7.1.1]
	at org.springframework.security.web.FilterChainProxy$VirtualFilterChain.doFilter(FilterChainProxy.java:385) ~[spring-security-web-7.1.1.jar:7.1.1]
	at com.perfectkode.bikri.security.jwt.JwtAuthenticationFilter.doFilterInternal(JwtAuthenticationFilter.java:56) ~[main/:na]
	at org.springframework.web.filter.OncePerRequestFilter.doFilter(OncePerRequestFilter.java:116) ~[spring-web-7.0.9.jar:7.0.9]
	at org.springframework.security.web.FilterChainProxy$VirtualFilterChain.doFilter(FilterChainProxy.java:385) ~[spring-security-web-7.1.1.jar:7.1.1]
	at org.springframework.security.web.authentication.logout.LogoutFilter.doFilter(LogoutFilter.java:110) ~[spring-security-web-7.1.1.jar:7.1.1]
	at org.springframework.security.web.authentication.logout.LogoutFilter.doFilter(LogoutFilter.java:96) ~[spring-security-web-7.1.1.jar:7.1.1]
	at org.springframework.security.web.FilterChainProxy$VirtualFilterChain.doFilter(FilterChainProxy.java:385) ~[spring-security-web-7.1.1.jar:7.1.1]
	at org.springframework.security.web.header.HeaderWriterFilter.doHeadersAfter(HeaderWriterFilter.java:90) ~[spring-security-web-7.1.1.jar:7.1.1]
	at org.springframework.security.web.header.HeaderWriterFilter.doFilterInternal(HeaderWriterFilter.java:75) ~[spring-security-web-7.1.1.jar:7.1.1]
	at org.springframework.web.filter.OncePerRequestFilter.doFilter(OncePerRequestFilter.java:116) ~[spring-web-7.0.9.jar:7.0.9]
	at org.springframework.security.web.FilterChainProxy$VirtualFilterChain.doFilter(FilterChainProxy.java:385) ~[spring-security-web-7.1.1.jar:7.1.1]
	at org.springframework.security.web.context.SecurityContextHolderFilter.doFilter(SecurityContextHolderFilter.java:82) ~[spring-security-web-7.1.1.jar:7.1.1]
	at org.springframework.security.web.context.SecurityContextHolderFilter.doFilter(SecurityContextHolderFilter.java:69) ~[spring-security-web-7.1.1.jar:7.1.1]
	at org.springframework.security.web.FilterChainProxy$VirtualFilterChain.doFilter(FilterChainProxy.java:385) ~[spring-security-web-7.1.1.jar:7.1.1]
	at org.springframework.security.web.context.request.async.WebAsyncManagerIntegrationFilter.doFilterInternal(WebAsyncManagerIntegrationFilter.java:62) ~[spring-security-web-7.1.1.jar:7.1.1]
	at org.springframework.web.filter.OncePerRequestFilter.doFilter(OncePerRequestFilter.java:116) ~[spring-web-7.0.9.jar:7.0.9]
	at org.springframework.security.web.FilterChainProxy$VirtualFilterChain.doFilter(FilterChainProxy.java:385) ~[spring-security-web-7.1.1.jar:7.1.1]
	at org.springframework.security.web.session.DisableEncodeUrlFilter.doFilterInternal(DisableEncodeUrlFilter.java:42) ~[spring-security-web-7.1.1.jar:7.1.1]
	at org.springframework.web.filter.OncePerRequestFilter.doFilter(OncePerRequestFilter.java:116) ~[spring-web-7.0.9.jar:7.0.9]
	at org.springframework.security.web.FilterChainProxy$VirtualFilterChain.doFilter(FilterChainProxy.java:385) ~[spring-security-web-7.1.1.jar:7.1.1]
	at org.springframework.security.web.FilterChainProxy.doFilterInternal(FilterChainProxy.java:237) ~[spring-security-web-7.1.1.jar:7.1.1]
	at org.springframework.security.web.FilterChainProxy.doFilter(FilterChainProxy.java:195) ~[spring-security-web-7.1.1.jar:7.1.1]
	at org.springframework.web.filter.CompositeFilter$VirtualFilterChain.doFilter(CompositeFilter.java:113) ~[spring-web-7.0.9.jar:7.0.9]
	at org.springframework.web.filter.ServletRequestPathFilter.doFilter(ServletRequestPathFilter.java:52) ~[spring-web-7.0.9.jar:7.0.9]
	at org.springframework.web.filter.CompositeFilter$VirtualFilterChain.doFilter(CompositeFilter.java:113) ~[spring-web-7.0.9.jar:7.0.9]
	at org.springframework.web.filter.CompositeFilter.doFilter(CompositeFilter.java:74) ~[spring-web-7.0.9.jar:7.0.9]
	at org.springframework.security.config.annotation.web.configuration.WebSecurityConfiguration$CompositeFilterChainProxy.doFilter(WebSecurityConfiguration.java:317) ~[spring-security-config-7.1.1.jar:7.1.1]
	at org.springframework.web.filter.DelegatingFilterProxy.invokeDelegate(DelegatingFilterProxy.java:355) ~[spring-web-7.0.9.jar:7.0.9]
	at org.springframework.web.filter.DelegatingFilterProxy.doFilter(DelegatingFilterProxy.java:272) ~[spring-web-7.0.9.jar:7.0.9]
	at org.apache.catalina.core.ApplicationFilterChain.doFilter(ApplicationFilterChain.java:111) ~[tomcat-embed-core-11.0.24.jar:11.0.24]
	at org.springframework.web.filter.RequestContextFilter.doFilterInternal(RequestContextFilter.java:100) ~[spring-web-7.0.9.jar:7.0.9]
	at org.springframework.web.filter.OncePerRequestFilter.doFilter(OncePerRequestFilter.java:116) ~[spring-web-7.0.9.jar:7.0.9]
	at org.apache.catalina.core.ApplicationFilterChain.doFilter(ApplicationFilterChain.java:111) ~[tomcat-embed-core-11.0.24.jar:11.0.24]
	at org.springframework.web.filter.FormContentFilter.doFilterInternal(FormContentFilter.java:93) ~[spring-web-7.0.9.jar:7.0.9]
	at org.springframework.web.filter.OncePerRequestFilter.doFilter(OncePerRequestFilter.java:116) ~[spring-web-7.0.9.jar:7.0.9]
	at org.apache.catalina.core.ApplicationFilterChain.doFilter(ApplicationFilterChain.java:111) ~[tomcat-embed-core-11.0.24.jar:11.0.24]
	at org.springframework.web.filter.CharacterEncodingFilter.doFilterInternal(CharacterEncodingFilter.java:199) ~[spring-web-7.0.9.jar:7.0.9]
	at org.springframework.web.filter.OncePerRequestFilter.doFilter(OncePerRequestFilter.java:116) ~[spring-web-7.0.9.jar:7.0.9]
	at org.apache.catalina.core.ApplicationFilterChain.doFilter(ApplicationFilterChain.java:111) ~[tomcat-embed-core-11.0.24.jar:11.0.24]
	at org.apache.catalina.core.StandardWrapperValve.invoke(StandardWrapperValve.java:165) ~[tomcat-embed-core-11.0.24.jar:11.0.24]
	at org.apache.catalina.core.StandardContextValve.invoke(StandardContextValve.java:77) ~[tomcat-embed-core-11.0.24.jar:11.0.24]
	at org.apache.catalina.authenticator.AuthenticatorBase.invoke(AuthenticatorBase.java:535) ~[tomcat-embed-core-11.0.24.jar:11.0.24]
	at org.apache.catalina.core.StandardHostValve.invoke(StandardHostValve.java:115) ~[tomcat-embed-core-11.0.24.jar:11.0.24]
	at org.apache.catalina.valves.ErrorReportValve.invoke(ErrorReportValve.java:86) ~[tomcat-embed-core-11.0.24.jar:11.0.24]
	at org.apache.catalina.core.StandardEngineValve.invoke(StandardEngineValve.java:71) ~[tomcat-embed-core-11.0.24.jar:11.0.24]
	at org.apache.catalina.connector.CoyoteAdapter.service(CoyoteAdapter.java:347) ~[tomcat-embed-core-11.0.24.jar:11.0.24]
	at org.apache.coyote.http11.Http11Processor.service(Http11Processor.java:406) ~[tomcat-embed-core-11.0.24.jar:11.0.24]
	at org.apache.coyote.AbstractProcessorLight.process(AbstractProcessorLight.java:71) ~[tomcat-embed-core-11.0.24.jar:11.0.24]
	at org.apache.coyote.AbstractProtocol$ConnectionHandler.process(AbstractProtocol.java:1307) ~[tomcat-embed-core-11.0.24.jar:11.0.24]
	at org.apache.tomcat.util.net.NioEndpoint$SocketProcessor.doRun(NioEndpoint.java:2036) ~[tomcat-embed-core-11.0.24.jar:11.0.24]
	at org.apache.tomcat.util.net.SocketProcessorBase.run(SocketProcessorBase.java:74) ~[tomcat-embed-core-11.0.24.jar:11.0.24]
	at org.apache.tomcat.util.threads.ThreadPoolExecutor.runWorker(ThreadPoolExecutor.java:949) ~[tomcat-embed-core-11.0.24.jar:11.0.24]
	at org.apache.tomcat.util.threads.ThreadPoolExecutor$Worker.run(ThreadPoolExecutor.java:483) ~[tomcat-embed-core-11.0.24.jar:11.0.24]
	at org.apache.tomcat.util.threads.TaskThread$WrappingRunnable.run(TaskThread.java:74) ~[tomcat-embed-core-11.0.24.jar:11.0.24]
	at java.base/java.lang.Thread.run(Thread.java:1583) ~[na:na]

2026-08-31T16:13:04.825+05:30  INFO 11446 --- [bikri] [SpringApplicationShutdownHook] o.s.boot.tomcat.GracefulShutdown         : Commencing graceful shutdown. Waiting for active requests to complete
2026-08-31T16:13:04.829+05:30  INFO 11446 --- [bikri] [tomcat-shutdown] o.s.boot.tomcat.GracefulShutdown         : Graceful shutdown complete
2026-08-31T16:13:04.846+05:30  INFO 11446 --- [bikri] [SpringApplicationShutdownHook] j.LocalContainerEntityManagerFactoryBean : Closing JPA EntityManagerFactory for persistence unit 'default'
2026-08-31T16:13:04.849+05:30  INFO 11446 --- [bikri] [SpringApplicationShutdownHook] com.zaxxer.hikari.HikariDataSource       : HikariPool-1 - Shutdown initiated...
2026-08-31T16:13:04.850+05:30  INFO 11446 --- [bikri] [SpringApplicationShutdownHook] com.zaxxer.hikari.HikariDataSource       : HikariPool-1 - Shutdown completed.
2026-08-31T16:13:08.297+05:30  INFO 11582 --- [bikri] [main] com.perfectkode.bikri.BikriApplication   : Starting BikriApplication using Java 21.0.10 with PID 11582 (/Users/anant-saini/Coding/JavaProjects/bikri/build/classes/java/main started by anant-saini in /Users/anant-saini/Coding/JavaProjects/bikri)
2026-08-31T16:13:08.298+05:30  INFO 11582 --- [bikri] [main] com.perfectkode.bikri.BikriApplication   : No active profile set, falling back to 1 default profile: "default"
2026-08-31T16:13:08.574+05:30  INFO 11582 --- [bikri] [main] .s.d.r.c.RepositoryConfigurationDelegate : Multiple Spring Data modules found, entering strict repository configuration mode
2026-08-31T16:13:08.575+05:30  INFO 11582 --- [bikri] [main] .s.d.r.c.RepositoryConfigurationDelegate : Bootstrapping Spring Data JPA repositories in DEFAULT mode.
2026-08-31T16:13:08.631+05:30  INFO 11582 --- [bikri] [main] .s.d.r.c.RepositoryConfigurationDelegate : Finished Spring Data repository scanning in 53 ms. Found 2 JPA repository interfaces.
2026-08-31T16:13:08.646+05:30  INFO 11582 --- [bikri] [main] .s.d.r.c.RepositoryConfigurationDelegate : Multiple Spring Data modules found, entering strict repository configuration mode
2026-08-31T16:13:08.646+05:30  INFO 11582 --- [bikri] [main] .s.d.r.c.RepositoryConfigurationDelegate : Bootstrapping Spring Data Redis repositories in DEFAULT mode.
2026-08-31T16:13:08.651+05:30  INFO 11582 --- [bikri] [main] .RepositoryConfigurationExtensionSupport : Spring Data Redis - Could not safely identify store assignment for repository candidate interface com.perfectkode.bikri.auth.repository.RoleRepository; If you want this repository to be a Redis repository, consider annotating your entities with one of these annotations: org.springframework.data.redis.core.RedisHash (preferred), or consider extending one of the following types with your repository: org.springframework.data.keyvalue.repository.KeyValueRepository
2026-08-31T16:13:08.651+05:30  INFO 11582 --- [bikri] [main] .RepositoryConfigurationExtensionSupport : Spring Data Redis - Could not safely identify store assignment for repository candidate interface com.perfectkode.bikri.auth.repository.UserRepository; If you want this repository to be a Redis repository, consider annotating your entities with one of these annotations: org.springframework.data.redis.core.RedisHash (preferred), or consider extending one of the following types with your repository: org.springframework.data.keyvalue.repository.KeyValueRepository
2026-08-31T16:13:08.651+05:30  INFO 11582 --- [bikri] [main] .s.d.r.c.RepositoryConfigurationDelegate : Finished Spring Data repository scanning in 2 ms. Found 0 Redis repository interfaces.
2026-08-31T16:13:08.846+05:30  INFO 11582 --- [bikri] [main] o.s.boot.tomcat.TomcatWebServer          : Tomcat initialized with port 8080 (http)
2026-08-31T16:13:08.852+05:30  INFO 11582 --- [bikri] [main] o.apache.catalina.core.StandardService   : Starting service [Tomcat]
2026-08-31T16:13:08.852+05:30  INFO 11582 --- [bikri] [main] o.apache.catalina.core.StandardEngine    : Starting Servlet engine: [Apache Tomcat/11.0.24]
2026-08-31T16:13:08.869+05:30  INFO 11582 --- [bikri] [main] b.w.c.s.WebApplicationContextInitializer : Root WebApplicationContext: initialization completed in 556 ms
2026-08-31T16:13:08.919+05:30  INFO 11582 --- [bikri] [main] org.hibernate.orm.jpa                    : HHH008540: Processing PersistenceUnitInfo [name: default]
2026-08-31T16:13:08.939+05:30  INFO 11582 --- [bikri] [main] org.hibernate.orm.core                   : HHH000001: Hibernate ORM core version 7.4.5.Final
2026-08-31T16:13:09.086+05:30  INFO 11582 --- [bikri] [main] o.s.o.j.p.SpringPersistenceUnitInfo      : No LoadTimeWeaver setup: ignoring JPA class transformer
2026-08-31T16:13:09.097+05:30  INFO 11582 --- [bikri] [main] com.zaxxer.hikari.HikariDataSource       : HikariPool-1 - Starting...
2026-08-31T16:13:09.137+05:30  INFO 11582 --- [bikri] [main] com.zaxxer.hikari.pool.HikariPool        : HikariPool-1 - Added connection org.postgresql.jdbc.PgConnection@25110bb9
2026-08-31T16:13:09.137+05:30  INFO 11582 --- [bikri] [main] com.zaxxer.hikari.HikariDataSource       : HikariPool-1 - Start completed.
2026-08-31T16:13:09.151+05:30  WARN 11582 --- [bikri] [main] org.hibernate.orm.deprecation            : HHH90000025: PostgreSQLDialect does not need to be specified explicitly using 'hibernate.dialect' (remove the property setting and it will be selected by default)
2026-08-31T16:13:09.161+05:30  INFO 11582 --- [bikri] [main] org.hibernate.orm.connections.pooling    : HHH10001005: Database info:
	Database JDBC URL [jdbc:postgresql://localhost:5432/ecom-solution]
	Database driver: PostgreSQL JDBC Driver
	Database dialect: PostgreSQLDialect
	Database version: 18.3
	Default catalog/schema: ecom-solution/public
	Autocommit mode: undefined/unknown
	Isolation level: READ_COMMITTED [default READ_COMMITTED]
	JDBC fetch size: none
	Pool: DataSourceConnectionProvider
	Minimum pool size: undefined/unknown
	Maximum pool size: undefined/unknown
2026-08-31T16:13:09.510+05:30  INFO 11582 --- [bikri] [main] org.hibernate.orm.core                   : HHH000489: No JTA platform available (set 'hibernate.transaction.jta.platform' to enable JTA platform integration)
2026-08-31T16:13:09.565+05:30  INFO 11582 --- [bikri] [main] j.LocalContainerEntityManagerFactoryBean : Initialized JPA EntityManagerFactory for persistence unit 'default'
2026-08-31T16:13:09.594+05:30  INFO 11582 --- [bikri] [main] o.s.d.j.r.query.QueryEnhancerFactories   : Hibernate is in classpath; If applicable, HQL parser will be used.
2026-08-31T16:13:09.710+05:30  INFO 11582 --- [bikri] [main] r$InitializeUserDetailsManagerConfigurer : Global AuthenticationManager configured with UserDetailsService bean with name customUserDetailsService
2026-08-31T16:13:09.743+05:30  WARN 11582 --- [bikri] [main] i.n.r.d.DnsServerAddressStreamProviders  : Can not find io.netty.resolver.dns.macos.MacOSDnsServerAddressStreamProvider in the classpath, fallback to system defaults. This may result in incorrect DNS resolutions on MacOS. Check whether you have a dependency on 'io.netty:netty-resolver-dns-native-macos'
2026-08-31T16:13:10.115+05:30  INFO 11582 --- [bikri] [main] o.s.boot.tomcat.TomcatWebServer          : Tomcat started on port 8080 (http) with context path '/'
2026-08-31T16:13:10.119+05:30  INFO 11582 --- [bikri] [main] com.perfectkode.bikri.BikriApplication   : Started BikriApplication in 1.974 seconds (process running for 2.108)
2026-08-31T16:13:19.205+05:30  INFO 11582 --- [bikri] [http-nio-8080-exec-2] o.a.c.c.C.[Tomcat].[localhost].[/]       : Initializing Spring DispatcherServlet 'dispatcherServlet'
2026-08-31T16:13:19.205+05:30  INFO 11582 --- [bikri] [http-nio-8080-exec-2] o.s.web.servlet.DispatcherServlet        : Initializing Servlet 'dispatcherServlet'
2026-08-31T16:13:19.207+05:30  INFO 11582 --- [bikri] [http-nio-8080-exec-2] o.s.web.servlet.DispatcherServlet        : Completed initialization in 2 ms
2026-08-31T16:13:19.443+05:30  INFO 11582 --- [bikri] [http-nio-8080-exec-2] c.p.bikri.security.jwt.JwtTokenProvider  : Generating JWT token for user: aditi@gmail.com
2026-08-31T16:13:43.441+05:30  INFO 11582 --- [bikri] [http-nio-8080-exec-3] c.p.bikri.security.jwt.JwtTokenProvider  : Generating JWT token for user: admin@ecommerce.com
2026-08-31T16:14:06.595+05:30  INFO 11582 --- [bikri] [Async-OTP-1] c.p.b.auth.service.otp.OtpServiceImpl    : Generated new OTP for heena@gmail.com.
2026-08-31T16:14:06.596+05:30  INFO 11582 --- [bikri] [Async-OTP-1] c.p.b.auth.service.otp.OtpServiceImpl    : =================================================
2026-08-31T16:14:06.596+05:30  INFO 11582 --- [bikri] [Async-OTP-1] c.p.b.auth.service.otp.OtpServiceImpl    : 📧 MOCK EMAIL SERVICE 📧
2026-08-31T16:14:06.596+05:30  INFO 11582 --- [bikri] [Async-OTP-1] c.p.b.auth.service.otp.OtpServiceImpl    : To: heena@gmail.com
2026-08-31T16:14:06.596+05:30  INFO 11582 --- [bikri] [Async-OTP-1] c.p.b.auth.service.otp.OtpServiceImpl    : Subject: E-Commerce Email Verification Code
2026-08-31T16:14:06.596+05:30  INFO 11582 --- [bikri] [Async-OTP-1] c.p.b.auth.service.otp.OtpServiceImpl    : Body: Your OTP code is [ 0Y65 ]. Valid for 5 minutes.
2026-08-31T16:14:06.596+05:30  INFO 11582 --- [bikri] [Async-OTP-1] c.p.b.auth.service.otp.OtpServiceImpl    : =================================================
2026-08-31T16:15:16.128+05:30  INFO 11582 --- [bikri] [http-nio-8080-exec-9] c.p.bikri.security.jwt.JwtTokenProvider  : Generating JWT token for user: heena@gmail.com
2026-08-31T16:21:37.181+05:30  INFO 11582 --- [bikri] [SpringApplicationShutdownHook] o.s.boot.tomcat.GracefulShutdown         : Commencing graceful shutdown. Waiting for active requests to complete
2026-08-31T16:21:37.185+05:30  INFO 11582 --- [bikri] [tomcat-shutdown] o.s.boot.tomcat.GracefulShutdown         : Graceful shutdown complete
2026-08-31T16:21:37.201+05:30  INFO 11582 --- [bikri] [SpringApplicationShutdownHook] j.LocalContainerEntityManagerFactoryBean : Closing JPA EntityManagerFactory for persistence unit 'default'
2026-08-31T16:21:37.204+05:30  INFO 11582 --- [bikri] [SpringApplicationShutdownHook] com.zaxxer.hikari.HikariDataSource       : HikariPool-1 - Shutdown initiated...
2026-08-31T16:21:37.205+05:30  INFO 11582 --- [bikri] [SpringApplicationShutdownHook] com.zaxxer.hikari.HikariDataSource       : HikariPool-1 - Shutdown completed.
2026-08-31T16:21:41.169+05:30  INFO 11761 --- [bikri] [main] com.perfectkode.bikri.BikriApplication   : Starting BikriApplication using Java 21.0.10 with PID 11761 (/Users/anant-saini/Coding/JavaProjects/bikri/build/classes/java/main started by anant-saini in /Users/anant-saini/Coding/JavaProjects/bikri)
2026-08-31T16:21:41.170+05:30  INFO 11761 --- [bikri] [main] com.perfectkode.bikri.BikriApplication   : No active profile set, falling back to 1 default profile: "default"
2026-08-31T16:21:41.448+05:30  INFO 11761 --- [bikri] [main] .s.d.r.c.RepositoryConfigurationDelegate : Multiple Spring Data modules found, entering strict repository configuration mode
2026-08-31T16:21:41.448+05:30  INFO 11761 --- [bikri] [main] .s.d.r.c.RepositoryConfigurationDelegate : Bootstrapping Spring Data JPA repositories in DEFAULT mode.
2026-08-31T16:21:41.506+05:30  INFO 11761 --- [bikri] [main] .s.d.r.c.RepositoryConfigurationDelegate : Finished Spring Data repository scanning in 54 ms. Found 2 JPA repository interfaces.
2026-08-31T16:21:41.522+05:30  INFO 11761 --- [bikri] [main] .s.d.r.c.RepositoryConfigurationDelegate : Multiple Spring Data modules found, entering strict repository configuration mode
2026-08-31T16:21:41.522+05:30  INFO 11761 --- [bikri] [main] .s.d.r.c.RepositoryConfigurationDelegate : Bootstrapping Spring Data Redis repositories in DEFAULT mode.
2026-08-31T16:21:41.527+05:30  INFO 11761 --- [bikri] [main] .RepositoryConfigurationExtensionSupport : Spring Data Redis - Could not safely identify store assignment for repository candidate interface com.perfectkode.bikri.auth.repository.RoleRepository; If you want this repository to be a Redis repository, consider annotating your entities with one of these annotations: org.springframework.data.redis.core.RedisHash (preferred), or consider extending one of the following types with your repository: org.springframework.data.keyvalue.repository.KeyValueRepository
2026-08-31T16:21:41.528+05:30  INFO 11761 --- [bikri] [main] .RepositoryConfigurationExtensionSupport : Spring Data Redis - Could not safely identify store assignment for repository candidate interface com.perfectkode.bikri.auth.repository.UserRepository; If you want this repository to be a Redis repository, consider annotating your entities with one of these annotations: org.springframework.data.redis.core.RedisHash (preferred), or consider extending one of the following types with your repository: org.springframework.data.keyvalue.repository.KeyValueRepository
2026-08-31T16:21:41.528+05:30  INFO 11761 --- [bikri] [main] .s.d.r.c.RepositoryConfigurationDelegate : Finished Spring Data repository scanning in 2 ms. Found 0 Redis repository interfaces.
2026-08-31T16:21:41.715+05:30  INFO 11761 --- [bikri] [main] o.s.boot.tomcat.TomcatWebServer          : Tomcat initialized with port 8080 (http)
2026-08-31T16:21:41.720+05:30  INFO 11761 --- [bikri] [main] o.apache.catalina.core.StandardService   : Starting service [Tomcat]
2026-08-31T16:21:41.721+05:30  INFO 11761 --- [bikri] [main] o.apache.catalina.core.StandardEngine    : Starting Servlet engine: [Apache Tomcat/11.0.24]
2026-08-31T16:21:41.739+05:30  INFO 11761 --- [bikri] [main] b.w.c.s.WebApplicationContextInitializer : Root WebApplicationContext: initialization completed in 554 ms
2026-08-31T16:21:41.789+05:30  INFO 11761 --- [bikri] [main] org.hibernate.orm.jpa                    : HHH008540: Processing PersistenceUnitInfo [name: default]
2026-08-31T16:21:41.810+05:30  INFO 11761 --- [bikri] [main] org.hibernate.orm.core                   : HHH000001: Hibernate ORM core version 7.4.5.Final
2026-08-31T16:21:41.958+05:30  INFO 11761 --- [bikri] [main] o.s.o.j.p.SpringPersistenceUnitInfo      : No LoadTimeWeaver setup: ignoring JPA class transformer
2026-08-31T16:21:41.969+05:30  INFO 11761 --- [bikri] [main] com.zaxxer.hikari.HikariDataSource       : HikariPool-1 - Starting...
2026-08-31T16:21:42.008+05:30  INFO 11761 --- [bikri] [main] com.zaxxer.hikari.pool.HikariPool        : HikariPool-1 - Added connection org.postgresql.jdbc.PgConnection@25110bb9
2026-08-31T16:21:42.009+05:30  INFO 11761 --- [bikri] [main] com.zaxxer.hikari.HikariDataSource       : HikariPool-1 - Start completed.
2026-08-31T16:21:42.023+05:30  WARN 11761 --- [bikri] [main] org.hibernate.orm.deprecation            : HHH90000025: PostgreSQLDialect does not need to be specified explicitly using 'hibernate.dialect' (remove the property setting and it will be selected by default)
2026-08-31T16:21:42.033+05:30  INFO 11761 --- [bikri] [main] org.hibernate.orm.connections.pooling    : HHH10001005: Database info:
	Database JDBC URL [jdbc:postgresql://localhost:5432/ecom-solution]
	Database driver: PostgreSQL JDBC Driver
	Database dialect: PostgreSQLDialect
	Database version: 18.3
	Default catalog/schema: ecom-solution/public
	Autocommit mode: undefined/unknown
	Isolation level: READ_COMMITTED [default READ_COMMITTED]
	JDBC fetch size: none
	Pool: DataSourceConnectionProvider
	Minimum pool size: undefined/unknown
	Maximum pool size: undefined/unknown
2026-08-31T16:21:42.378+05:30  INFO 11761 --- [bikri] [main] org.hibernate.orm.core                   : HHH000489: No JTA platform available (set 'hibernate.transaction.jta.platform' to enable JTA platform integration)
2026-08-31T16:21:42.429+05:30  INFO 11761 --- [bikri] [main] j.LocalContainerEntityManagerFactoryBean : Initialized JPA EntityManagerFactory for persistence unit 'default'
2026-08-31T16:21:42.457+05:30  INFO 11761 --- [bikri] [main] o.s.d.j.r.query.QueryEnhancerFactories   : Hibernate is in classpath; If applicable, HQL parser will be used.
2026-08-31T16:21:42.575+05:30  INFO 11761 --- [bikri] [main] r$InitializeUserDetailsManagerConfigurer : Global AuthenticationManager configured with UserDetailsService bean with name customUserDetailsService
2026-08-31T16:21:42.613+05:30  WARN 11761 --- [bikri] [main] i.n.r.d.DnsServerAddressStreamProviders  : Can not find io.netty.resolver.dns.macos.MacOSDnsServerAddressStreamProvider in the classpath, fallback to system defaults. This may result in incorrect DNS resolutions on MacOS. Check whether you have a dependency on 'io.netty:netty-resolver-dns-native-macos'
2026-08-31T16:21:42.998+05:30  INFO 11761 --- [bikri] [main] o.s.boot.tomcat.TomcatWebServer          : Tomcat started on port 8080 (http) with context path '/'
2026-08-31T16:21:43.002+05:30  INFO 11761 --- [bikri] [main] com.perfectkode.bikri.BikriApplication   : Started BikriApplication in 1.98 seconds (process running for 2.107)
2026-08-31T16:21:55.054+05:30  INFO 11761 --- [bikri] [http-nio-8080-exec-2] o.a.c.c.C.[Tomcat].[localhost].[/]       : Initializing Spring DispatcherServlet 'dispatcherServlet'
2026-08-31T16:21:55.054+05:30  INFO 11761 --- [bikri] [http-nio-8080-exec-2] o.s.web.servlet.DispatcherServlet        : Initializing Servlet 'dispatcherServlet'
2026-08-31T16:21:55.055+05:30  INFO 11761 --- [bikri] [http-nio-8080-exec-2] o.s.web.servlet.DispatcherServlet        : Completed initialization in 1 ms
2026-08-31T16:21:55.417+05:30  INFO 11761 --- [bikri] [Async-OTP-1] c.p.b.auth.service.otp.OtpServiceImpl    : Generated new OTP for rachna@gmail.com.
2026-08-31T16:21:55.417+05:30  INFO 11761 --- [bikri] [Async-OTP-1] c.p.b.auth.service.otp.OtpServiceImpl    : =================================================
2026-08-31T16:21:55.417+05:30  INFO 11761 --- [bikri] [Async-OTP-1] c.p.b.auth.service.otp.OtpServiceImpl    : 📧 MOCK EMAIL SERVICE 📧
2026-08-31T16:21:55.417+05:30  INFO 11761 --- [bikri] [Async-OTP-1] c.p.b.auth.service.otp.OtpServiceImpl    : To: rachna@gmail.com
2026-08-31T16:21:55.417+05:30  INFO 11761 --- [bikri] [Async-OTP-1] c.p.b.auth.service.otp.OtpServiceImpl    : Subject: E-Commerce Email Verification Code
2026-08-31T16:21:55.417+05:30  INFO 11761 --- [bikri] [Async-OTP-1] c.p.b.auth.service.otp.OtpServiceImpl    : Body: Your OTP code is [ 3Q47 ]. Valid for 5 minutes.
2026-08-31T16:21:55.417+05:30  INFO 11761 --- [bikri] [Async-OTP-1] c.p.b.auth.service.otp.OtpServiceImpl    : =================================================
2026-08-31T16:22:22.368+05:30  INFO 11761 --- [bikri] [Async-OTP-2] c.p.b.auth.service.otp.OtpServiceImpl    : Active OTP found for rachna@gmail.com. Resending existing OTP.
2026-08-31T16:22:22.368+05:30  INFO 11761 --- [bikri] [Async-OTP-2] c.p.b.auth.service.otp.OtpServiceImpl    : =================================================
2026-08-31T16:22:22.368+05:30  INFO 11761 --- [bikri] [Async-OTP-2] c.p.b.auth.service.otp.OtpServiceImpl    : 📧 MOCK EMAIL SERVICE 📧
2026-08-31T16:22:22.369+05:30  INFO 11761 --- [bikri] [Async-OTP-2] c.p.b.auth.service.otp.OtpServiceImpl    : To: rachna@gmail.com
2026-08-31T16:22:22.369+05:30  INFO 11761 --- [bikri] [Async-OTP-2] c.p.b.auth.service.otp.OtpServiceImpl    : Subject: E-Commerce Email Verification Code
2026-08-31T16:22:22.369+05:30  INFO 11761 --- [bikri] [Async-OTP-2] c.p.b.auth.service.otp.OtpServiceImpl    : Body: Your OTP code is [ 3Q47 ]. Valid for 5 minutes.
2026-08-31T16:22:22.369+05:30  INFO 11761 --- [bikri] [Async-OTP-2] c.p.b.auth.service.otp.OtpServiceImpl    : =================================================
2026-08-31T16:23:54.367+05:30 ERROR 11761 --- [bikri] [http-nio-8080-exec-6] c.p.b.c.e.GlobalExceptionHandler         : Bad credentials

org.springframework.security.authentication.BadCredentialsException: Bad credentials
	at org.springframework.security.authentication.dao.DaoAuthenticationProvider.additionalAuthenticationChecks(DaoAuthenticationProvider.java:92) ~[spring-security-core-7.1.1.jar:7.1.1]
	at org.springframework.security.authentication.dao.AbstractUserDetailsAuthenticationProvider.performPreCheck(AbstractUserDetailsAuthenticationProvider.java:198) ~[spring-security-core-7.1.1.jar:7.1.1]
	at org.springframework.security.authentication.dao.AbstractUserDetailsAuthenticationProvider.authenticate(AbstractUserDetailsAuthenticationProvider.java:159) ~[spring-security-core-7.1.1.jar:7.1.1]
	at org.springframework.security.authentication.ProviderManager.authenticate(ProviderManager.java:183) ~[spring-security-core-7.1.1.jar:7.1.1]
	at com.perfectkode.bikri.auth.service.auth.AuthServiceImpl.login(AuthServiceImpl.java:122) ~[main/:na]
	at java.base/jdk.internal.reflect.DirectMethodHandleAccessor.invoke(DirectMethodHandleAccessor.java:103) ~[na:na]
	at java.base/java.lang.reflect.Method.invoke(Method.java:580) ~[na:na]
	at org.springframework.aop.support.AopUtils.invokeJoinpointUsingReflection(AopUtils.java:359) ~[spring-aop-7.0.9.jar:7.0.9]
	at org.springframework.aop.framework.ReflectiveMethodInvocation.invokeJoinpoint(ReflectiveMethodInvocation.java:190) ~[spring-aop-7.0.9.jar:7.0.9]
	at org.springframework.aop.framework.ReflectiveMethodInvocation.proceed(ReflectiveMethodInvocation.java:158) ~[spring-aop-7.0.9.jar:7.0.9]
	at org.springframework.transaction.interceptor.TransactionInterceptor$1.proceedWithInvocation(TransactionInterceptor.java:133) ~[spring-tx-7.0.9.jar:7.0.9]
	at org.springframework.transaction.interceptor.TransactionAspectSupport.invokeWithinTransaction(TransactionAspectSupport.java:371) ~[spring-tx-7.0.9.jar:7.0.9]
	at org.springframework.transaction.interceptor.TransactionInterceptor.invoke(TransactionInterceptor.java:130) ~[spring-tx-7.0.9.jar:7.0.9]
	at org.springframework.aop.framework.ReflectiveMethodInvocation.proceed(ReflectiveMethodInvocation.java:179) ~[spring-aop-7.0.9.jar:7.0.9]
	at org.springframework.aop.framework.CglibAopProxy$DynamicAdvisedInterceptor.intercept(CglibAopProxy.java:719) ~[spring-aop-7.0.9.jar:7.0.9]
	at com.perfectkode.bikri.auth.service.auth.AuthServiceImpl$$SpringCGLIB$$0.login(<generated>) ~[main/:na]
	at com.perfectkode.bikri.auth.controller.AuthController.login(AuthController.java:36) ~[main/:na]
	at java.base/jdk.internal.reflect.DirectMethodHandleAccessor.invoke(DirectMethodHandleAccessor.java:103) ~[na:na]
	at java.base/java.lang.reflect.Method.invoke(Method.java:580) ~[na:na]
	at org.springframework.web.method.support.InvocableHandlerMethod.doInvoke(InvocableHandlerMethod.java:252) ~[spring-web-7.0.9.jar:7.0.9]
	at org.springframework.web.method.support.InvocableHandlerMethod.invokeForRequest(InvocableHandlerMethod.java:184) ~[spring-web-7.0.9.jar:7.0.9]
	at org.springframework.web.servlet.mvc.method.annotation.ServletInvocableHandlerMethod.invokeAndHandle(ServletInvocableHandlerMethod.java:117) ~[spring-webmvc-7.0.9.jar:7.0.9]
	at org.springframework.web.servlet.mvc.method.annotation.RequestMappingHandlerAdapter.invokeHandlerMethod(RequestMappingHandlerAdapter.java:934) ~[spring-webmvc-7.0.9.jar:7.0.9]
	at org.springframework.web.servlet.mvc.method.annotation.RequestMappingHandlerAdapter.handleInternal(RequestMappingHandlerAdapter.java:853) ~[spring-webmvc-7.0.9.jar:7.0.9]
	at org.springframework.web.servlet.mvc.method.AbstractHandlerMethodAdapter.handle(AbstractHandlerMethodAdapter.java:86) ~[spring-webmvc-7.0.9.jar:7.0.9]
	at org.springframework.web.servlet.DispatcherServlet.doDispatch(DispatcherServlet.java:963) ~[spring-webmvc-7.0.9.jar:7.0.9]
	at org.springframework.web.servlet.DispatcherServlet.doService(DispatcherServlet.java:866) ~[spring-webmvc-7.0.9.jar:7.0.9]
	at org.springframework.web.servlet.FrameworkServlet.processRequest(FrameworkServlet.java:1000) ~[spring-webmvc-7.0.9.jar:7.0.9]
	at org.springframework.web.servlet.FrameworkServlet.doPost(FrameworkServlet.java:903) ~[spring-webmvc-7.0.9.jar:7.0.9]
	at jakarta.servlet.http.HttpServlet.service(HttpServlet.java:649) ~[tomcat-embed-core-11.0.24.jar:6.1]
	at org.springframework.web.servlet.FrameworkServlet.service(FrameworkServlet.java:874) ~[spring-webmvc-7.0.9.jar:7.0.9]
	at jakarta.servlet.http.HttpServlet.service(HttpServlet.java:710) ~[tomcat-embed-core-11.0.24.jar:6.1]
	at org.apache.catalina.core.ApplicationFilterChain.doFilter(ApplicationFilterChain.java:132) ~[tomcat-embed-core-11.0.24.jar:11.0.24]
	at org.apache.tomcat.websocket.server.WsFilter.doFilter(WsFilter.java:59) ~[tomcat-embed-websocket-11.0.24.jar:11.0.24]
	at org.apache.catalina.core.ApplicationFilterChain.doFilter(ApplicationFilterChain.java:111) ~[tomcat-embed-core-11.0.24.jar:11.0.24]
	at org.springframework.web.filter.OncePerRequestFilter.doFilter(OncePerRequestFilter.java:110) ~[spring-web-7.0.9.jar:7.0.9]
	at org.apache.catalina.core.ApplicationFilterChain.doFilter(ApplicationFilterChain.java:111) ~[tomcat-embed-core-11.0.24.jar:11.0.24]
	at org.springframework.web.filter.CompositeFilter$VirtualFilterChain.doFilter(CompositeFilter.java:108) ~[spring-web-7.0.9.jar:7.0.9]
	at org.springframework.security.web.FilterChainProxy.lambda$doFilterInternal$2(FilterChainProxy.java:235) ~[spring-security-web-7.1.1.jar:7.1.1]
	at org.springframework.security.web.FilterChainProxy$VirtualFilterChain.doFilter(FilterChainProxy.java:376) ~[spring-security-web-7.1.1.jar:7.1.1]
	at org.springframework.security.web.access.intercept.AuthorizationFilter.doFilter(AuthorizationFilter.java:101) ~[spring-security-web-7.1.1.jar:7.1.1]
	at org.springframework.security.web.FilterChainProxy$VirtualFilterChain.doFilter(FilterChainProxy.java:385) ~[spring-security-web-7.1.1.jar:7.1.1]
	at org.springframework.security.web.access.ExceptionTranslationFilter.doFilter(ExceptionTranslationFilter.java:126) ~[spring-security-web-7.1.1.jar:7.1.1]
	at org.springframework.security.web.access.ExceptionTranslationFilter.doFilter(ExceptionTranslationFilter.java:120) ~[spring-security-web-7.1.1.jar:7.1.1]
	at org.springframework.security.web.FilterChainProxy$VirtualFilterChain.doFilter(FilterChainProxy.java:385) ~[spring-security-web-7.1.1.jar:7.1.1]
	at org.springframework.security.web.session.SessionManagementFilter.doFilter(SessionManagementFilter.java:132) ~[spring-security-web-7.1.1.jar:7.1.1]
	at org.springframework.security.web.session.SessionManagementFilter.doFilter(SessionManagementFilter.java:86) ~[spring-security-web-7.1.1.jar:7.1.1]
	at org.springframework.security.web.FilterChainProxy$VirtualFilterChain.doFilter(FilterChainProxy.java:385) ~[spring-security-web-7.1.1.jar:7.1.1]
	at org.springframework.security.web.authentication.AnonymousAuthenticationFilter.doFilter(AnonymousAuthenticationFilter.java:100) ~[spring-security-web-7.1.1.jar:7.1.1]
	at org.springframework.security.web.FilterChainProxy$VirtualFilterChain.doFilter(FilterChainProxy.java:385) ~[spring-security-web-7.1.1.jar:7.1.1]
	at org.springframework.security.web.servletapi.SecurityContextHolderAwareRequestFilter.doFilter(SecurityContextHolderAwareRequestFilter.java:181) ~[spring-security-web-7.1.1.jar:7.1.1]
	at org.springframework.security.web.FilterChainProxy$VirtualFilterChain.doFilter(FilterChainProxy.java:385) ~[spring-security-web-7.1.1.jar:7.1.1]
	at org.springframework.security.web.savedrequest.RequestCacheAwareFilter.doFilter(RequestCacheAwareFilter.java:63) ~[spring-security-web-7.1.1.jar:7.1.1]
	at org.springframework.security.web.FilterChainProxy$VirtualFilterChain.doFilter(FilterChainProxy.java:385) ~[spring-security-web-7.1.1.jar:7.1.1]
	at com.perfectkode.bikri.security.jwt.JwtAuthenticationFilter.doFilterInternal(JwtAuthenticationFilter.java:56) ~[main/:na]
	at org.springframework.web.filter.OncePerRequestFilter.doFilter(OncePerRequestFilter.java:116) ~[spring-web-7.0.9.jar:7.0.9]
	at org.springframework.security.web.FilterChainProxy$VirtualFilterChain.doFilter(FilterChainProxy.java:385) ~[spring-security-web-7.1.1.jar:7.1.1]
	at org.springframework.security.web.authentication.logout.LogoutFilter.doFilter(LogoutFilter.java:110) ~[spring-security-web-7.1.1.jar:7.1.1]
	at org.springframework.security.web.authentication.logout.LogoutFilter.doFilter(LogoutFilter.java:96) ~[spring-security-web-7.1.1.jar:7.1.1]
	at org.springframework.security.web.FilterChainProxy$VirtualFilterChain.doFilter(FilterChainProxy.java:385) ~[spring-security-web-7.1.1.jar:7.1.1]
	at org.springframework.security.web.header.HeaderWriterFilter.doHeadersAfter(HeaderWriterFilter.java:90) ~[spring-security-web-7.1.1.jar:7.1.1]
	at org.springframework.security.web.header.HeaderWriterFilter.doFilterInternal(HeaderWriterFilter.java:75) ~[spring-security-web-7.1.1.jar:7.1.1]
	at org.springframework.web.filter.OncePerRequestFilter.doFilter(OncePerRequestFilter.java:116) ~[spring-web-7.0.9.jar:7.0.9]
	at org.springframework.security.web.FilterChainProxy$VirtualFilterChain.doFilter(FilterChainProxy.java:385) ~[spring-security-web-7.1.1.jar:7.1.1]
	at org.springframework.security.web.context.SecurityContextHolderFilter.doFilter(SecurityContextHolderFilter.java:82) ~[spring-security-web-7.1.1.jar:7.1.1]
	at org.springframework.security.web.context.SecurityContextHolderFilter.doFilter(SecurityContextHolderFilter.java:69) ~[spring-security-web-7.1.1.jar:7.1.1]
	at org.springframework.security.web.FilterChainProxy$VirtualFilterChain.doFilter(FilterChainProxy.java:385) ~[spring-security-web-7.1.1.jar:7.1.1]
	at org.springframework.security.web.context.request.async.WebAsyncManagerIntegrationFilter.doFilterInternal(WebAsyncManagerIntegrationFilter.java:62) ~[spring-security-web-7.1.1.jar:7.1.1]
	at org.springframework.web.filter.OncePerRequestFilter.doFilter(OncePerRequestFilter.java:116) ~[spring-web-7.0.9.jar:7.0.9]
	at org.springframework.security.web.FilterChainProxy$VirtualFilterChain.doFilter(FilterChainProxy.java:385) ~[spring-security-web-7.1.1.jar:7.1.1]
	at org.springframework.security.web.session.DisableEncodeUrlFilter.doFilterInternal(DisableEncodeUrlFilter.java:42) ~[spring-security-web-7.1.1.jar:7.1.1]
	at org.springframework.web.filter.OncePerRequestFilter.doFilter(OncePerRequestFilter.java:116) ~[spring-web-7.0.9.jar:7.0.9]
	at org.springframework.security.web.FilterChainProxy$VirtualFilterChain.doFilter(FilterChainProxy.java:385) ~[spring-security-web-7.1.1.jar:7.1.1]
	at org.springframework.security.web.FilterChainProxy.doFilterInternal(FilterChainProxy.java:237) ~[spring-security-web-7.1.1.jar:7.1.1]
	at org.springframework.security.web.FilterChainProxy.doFilter(FilterChainProxy.java:195) ~[spring-security-web-7.1.1.jar:7.1.1]
	at org.springframework.web.filter.CompositeFilter$VirtualFilterChain.doFilter(CompositeFilter.java:113) ~[spring-web-7.0.9.jar:7.0.9]
	at org.springframework.web.filter.ServletRequestPathFilter.doFilter(ServletRequestPathFilter.java:52) ~[spring-web-7.0.9.jar:7.0.9]
	at org.springframework.web.filter.CompositeFilter$VirtualFilterChain.doFilter(CompositeFilter.java:113) ~[spring-web-7.0.9.jar:7.0.9]
	at org.springframework.web.filter.CompositeFilter.doFilter(CompositeFilter.java:74) ~[spring-web-7.0.9.jar:7.0.9]
	at org.springframework.security.config.annotation.web.configuration.WebSecurityConfiguration$CompositeFilterChainProxy.doFilter(WebSecurityConfiguration.java:317) ~[spring-security-config-7.1.1.jar:7.1.1]
	at org.springframework.web.filter.DelegatingFilterProxy.invokeDelegate(DelegatingFilterProxy.java:355) ~[spring-web-7.0.9.jar:7.0.9]
	at org.springframework.web.filter.DelegatingFilterProxy.doFilter(DelegatingFilterProxy.java:272) ~[spring-web-7.0.9.jar:7.0.9]
	at org.apache.catalina.core.ApplicationFilterChain.doFilter(ApplicationFilterChain.java:111) ~[tomcat-embed-core-11.0.24.jar:11.0.24]
	at org.springframework.web.filter.RequestContextFilter.doFilterInternal(RequestContextFilter.java:100) ~[spring-web-7.0.9.jar:7.0.9]
	at org.springframework.web.filter.OncePerRequestFilter.doFilter(OncePerRequestFilter.java:116) ~[spring-web-7.0.9.jar:7.0.9]
	at org.apache.catalina.core.ApplicationFilterChain.doFilter(ApplicationFilterChain.java:111) ~[tomcat-embed-core-11.0.24.jar:11.0.24]
	at org.springframework.web.filter.FormContentFilter.doFilterInternal(FormContentFilter.java:93) ~[spring-web-7.0.9.jar:7.0.9]
	at org.springframework.web.filter.OncePerRequestFilter.doFilter(OncePerRequestFilter.java:116) ~[spring-web-7.0.9.jar:7.0.9]
	at org.apache.catalina.core.ApplicationFilterChain.doFilter(ApplicationFilterChain.java:111) ~[tomcat-embed-core-11.0.24.jar:11.0.24]
	at org.springframework.web.filter.CharacterEncodingFilter.doFilterInternal(CharacterEncodingFilter.java:199) ~[spring-web-7.0.9.jar:7.0.9]
	at org.springframework.web.filter.OncePerRequestFilter.doFilter(OncePerRequestFilter.java:116) ~[spring-web-7.0.9.jar:7.0.9]
	at org.apache.catalina.core.ApplicationFilterChain.doFilter(ApplicationFilterChain.java:111) ~[tomcat-embed-core-11.0.24.jar:11.0.24]
	at org.apache.catalina.core.StandardWrapperValve.invoke(StandardWrapperValve.java:165) ~[tomcat-embed-core-11.0.24.jar:11.0.24]
	at org.apache.catalina.core.StandardContextValve.invoke(StandardContextValve.java:77) ~[tomcat-embed-core-11.0.24.jar:11.0.24]
	at org.apache.catalina.authenticator.AuthenticatorBase.invoke(AuthenticatorBase.java:535) ~[tomcat-embed-core-11.0.24.jar:11.0.24]
	at org.apache.catalina.core.StandardHostValve.invoke(StandardHostValve.java:115) ~[tomcat-embed-core-11.0.24.jar:11.0.24]
	at org.apache.catalina.valves.ErrorReportValve.invoke(ErrorReportValve.java:86) ~[tomcat-embed-core-11.0.24.jar:11.0.24]
	at org.apache.catalina.core.StandardEngineValve.invoke(StandardEngineValve.java:71) ~[tomcat-embed-core-11.0.24.jar:11.0.24]
	at org.apache.catalina.connector.CoyoteAdapter.service(CoyoteAdapter.java:347) ~[tomcat-embed-core-11.0.24.jar:11.0.24]
	at org.apache.coyote.http11.Http11Processor.service(Http11Processor.java:406) ~[tomcat-embed-core-11.0.24.jar:11.0.24]
	at org.apache.coyote.AbstractProcessorLight.process(AbstractProcessorLight.java:71) ~[tomcat-embed-core-11.0.24.jar:11.0.24]
	at org.apache.coyote.AbstractProtocol$ConnectionHandler.process(AbstractProtocol.java:1307) ~[tomcat-embed-core-11.0.24.jar:11.0.24]
	at org.apache.tomcat.util.net.NioEndpoint$SocketProcessor.doRun(NioEndpoint.java:2036) ~[tomcat-embed-core-11.0.24.jar:11.0.24]
	at org.apache.tomcat.util.net.SocketProcessorBase.run(SocketProcessorBase.java:74) ~[tomcat-embed-core-11.0.24.jar:11.0.24]
	at org.apache.tomcat.util.threads.ThreadPoolExecutor.runWorker(ThreadPoolExecutor.java:949) ~[tomcat-embed-core-11.0.24.jar:11.0.24]
	at org.apache.tomcat.util.threads.ThreadPoolExecutor$Worker.run(ThreadPoolExecutor.java:483) ~[tomcat-embed-core-11.0.24.jar:11.0.24]
	at org.apache.tomcat.util.threads.TaskThread$WrappingRunnable.run(TaskThread.java:74) ~[tomcat-embed-core-11.0.24.jar:11.0.24]
	at java.base/java.lang.Thread.run(Thread.java:1583) ~[na:na]

2026-08-31T16:44:03.264+05:30  INFO 11761 --- [bikri] [SpringApplicationShutdownHook] o.s.boot.tomcat.GracefulShutdown         : Commencing graceful shutdown. Waiting for active requests to complete
2026-08-31T16:44:03.268+05:30  INFO 11761 --- [bikri] [tomcat-shutdown] o.s.boot.tomcat.GracefulShutdown         : Graceful shutdown complete
2026-08-31T16:44:03.293+05:30  INFO 11761 --- [bikri] [SpringApplicationShutdownHook] j.LocalContainerEntityManagerFactoryBean : Closing JPA EntityManagerFactory for persistence unit 'default'
2026-08-31T16:44:03.295+05:30  INFO 11761 --- [bikri] [SpringApplicationShutdownHook] com.zaxxer.hikari.HikariDataSource       : HikariPool-1 - Shutdown initiated...
2026-08-31T16:44:03.296+05:30  INFO 11761 --- [bikri] [SpringApplicationShutdownHook] com.zaxxer.hikari.HikariDataSource       : HikariPool-1 - Shutdown completed.
2026-08-31T16:44:06.782+05:30  INFO 12102 --- [bikri] [main] com.perfectkode.bikri.BikriApplication   : Starting BikriApplication using Java 21.0.10 with PID 12102 (/Users/anant-saini/Coding/JavaProjects/bikri/build/classes/java/main started by anant-saini in /Users/anant-saini/Coding/JavaProjects/bikri)
2026-08-31T16:44:06.783+05:30  INFO 12102 --- [bikri] [main] com.perfectkode.bikri.BikriApplication   : No active profile set, falling back to 1 default profile: "default"
2026-08-31T16:44:07.060+05:30  INFO 12102 --- [bikri] [main] .s.d.r.c.RepositoryConfigurationDelegate : Multiple Spring Data modules found, entering strict repository configuration mode
2026-08-31T16:44:07.061+05:30  INFO 12102 --- [bikri] [main] .s.d.r.c.RepositoryConfigurationDelegate : Bootstrapping Spring Data JPA repositories in DEFAULT mode.
2026-08-31T16:44:07.120+05:30  INFO 12102 --- [bikri] [main] .s.d.r.c.RepositoryConfigurationDelegate : Finished Spring Data repository scanning in 56 ms. Found 2 JPA repository interfaces.
2026-08-31T16:44:07.136+05:30  INFO 12102 --- [bikri] [main] .s.d.r.c.RepositoryConfigurationDelegate : Multiple Spring Data modules found, entering strict repository configuration mode
2026-08-31T16:44:07.136+05:30  INFO 12102 --- [bikri] [main] .s.d.r.c.RepositoryConfigurationDelegate : Bootstrapping Spring Data Redis repositories in DEFAULT mode.
2026-08-31T16:44:07.141+05:30  INFO 12102 --- [bikri] [main] .RepositoryConfigurationExtensionSupport : Spring Data Redis - Could not safely identify store assignment for repository candidate interface com.perfectkode.bikri.auth.repository.RoleRepository; If you want this repository to be a Redis repository, consider annotating your entities with one of these annotations: org.springframework.data.redis.core.RedisHash (preferred), or consider extending one of the following types with your repository: org.springframework.data.keyvalue.repository.KeyValueRepository
2026-08-31T16:44:07.141+05:30  INFO 12102 --- [bikri] [main] .RepositoryConfigurationExtensionSupport : Spring Data Redis - Could not safely identify store assignment for repository candidate interface com.perfectkode.bikri.auth.repository.UserRepository; If you want this repository to be a Redis repository, consider annotating your entities with one of these annotations: org.springframework.data.redis.core.RedisHash (preferred), or consider extending one of the following types with your repository: org.springframework.data.keyvalue.repository.KeyValueRepository
2026-08-31T16:44:07.141+05:30  INFO 12102 --- [bikri] [main] .s.d.r.c.RepositoryConfigurationDelegate : Finished Spring Data repository scanning in 2 ms. Found 0 Redis repository interfaces.
2026-08-31T16:44:07.324+05:30  INFO 12102 --- [bikri] [main] o.s.boot.tomcat.TomcatWebServer          : Tomcat initialized with port 8080 (http)
2026-08-31T16:44:07.330+05:30  INFO 12102 --- [bikri] [main] o.apache.catalina.core.StandardService   : Starting service [Tomcat]
2026-08-31T16:44:07.330+05:30  INFO 12102 --- [bikri] [main] o.apache.catalina.core.StandardEngine    : Starting Servlet engine: [Apache Tomcat/11.0.24]
2026-08-31T16:44:07.348+05:30  INFO 12102 --- [bikri] [main] b.w.c.s.WebApplicationContextInitializer : Root WebApplicationContext: initialization completed in 550 ms
2026-08-31T16:44:07.398+05:30  INFO 12102 --- [bikri] [main] org.hibernate.orm.jpa                    : HHH008540: Processing PersistenceUnitInfo [name: default]
2026-08-31T16:44:07.418+05:30  INFO 12102 --- [bikri] [main] org.hibernate.orm.core                   : HHH000001: Hibernate ORM core version 7.4.5.Final
2026-08-31T16:44:07.566+05:30  INFO 12102 --- [bikri] [main] o.s.o.j.p.SpringPersistenceUnitInfo      : No LoadTimeWeaver setup: ignoring JPA class transformer
2026-08-31T16:44:07.577+05:30  INFO 12102 --- [bikri] [main] com.zaxxer.hikari.HikariDataSource       : HikariPool-1 - Starting...
2026-08-31T16:44:07.616+05:30  INFO 12102 --- [bikri] [main] com.zaxxer.hikari.pool.HikariPool        : HikariPool-1 - Added connection org.postgresql.jdbc.PgConnection@25110bb9
2026-08-31T16:44:07.617+05:30  INFO 12102 --- [bikri] [main] com.zaxxer.hikari.HikariDataSource       : HikariPool-1 - Start completed.
2026-08-31T16:44:07.631+05:30  WARN 12102 --- [bikri] [main] org.hibernate.orm.deprecation            : HHH90000025: PostgreSQLDialect does not need to be specified explicitly using 'hibernate.dialect' (remove the property setting and it will be selected by default)
2026-08-31T16:44:07.641+05:30  INFO 12102 --- [bikri] [main] org.hibernate.orm.connections.pooling    : HHH10001005: Database info:
	Database JDBC URL [jdbc:postgresql://localhost:5432/ecom-solution]
	Database driver: PostgreSQL JDBC Driver
	Database dialect: PostgreSQLDialect
	Database version: 18.3
	Default catalog/schema: ecom-solution/public
	Autocommit mode: undefined/unknown
	Isolation level: READ_COMMITTED [default READ_COMMITTED]
	JDBC fetch size: none
	Pool: DataSourceConnectionProvider
	Minimum pool size: undefined/unknown
	Maximum pool size: undefined/unknown
2026-08-31T16:44:07.985+05:30  INFO 12102 --- [bikri] [main] org.hibernate.orm.core                   : HHH000489: No JTA platform available (set 'hibernate.transaction.jta.platform' to enable JTA platform integration)
2026-08-31T16:44:08.034+05:30  INFO 12102 --- [bikri] [main] j.LocalContainerEntityManagerFactoryBean : Initialized JPA EntityManagerFactory for persistence unit 'default'
2026-08-31T16:44:08.061+05:30  INFO 12102 --- [bikri] [main] o.s.d.j.r.query.QueryEnhancerFactories   : Hibernate is in classpath; If applicable, HQL parser will be used.
2026-08-31T16:44:08.178+05:30  INFO 12102 --- [bikri] [main] r$InitializeUserDetailsManagerConfigurer : Global AuthenticationManager configured with UserDetailsService bean with name customUserDetailsService
2026-08-31T16:44:08.210+05:30  WARN 12102 --- [bikri] [main] i.n.r.d.DnsServerAddressStreamProviders  : Can not find io.netty.resolver.dns.macos.MacOSDnsServerAddressStreamProvider in the classpath, fallback to system defaults. This may result in incorrect DNS resolutions on MacOS. Check whether you have a dependency on 'io.netty:netty-resolver-dns-native-macos'
2026-08-31T16:44:08.580+05:30  INFO 12102 --- [bikri] [main] o.s.boot.tomcat.TomcatWebServer          : Tomcat started on port 8080 (http) with context path '/'
2026-08-31T16:44:08.584+05:30  INFO 12102 --- [bikri] [main] com.perfectkode.bikri.BikriApplication   : Started BikriApplication in 1.96 seconds (process running for 2.088)
2026-08-31T16:44:16.727+05:30  INFO 12102 --- [bikri] [http-nio-8080-exec-1] o.a.c.c.C.[Tomcat].[localhost].[/]       : Initializing Spring DispatcherServlet 'dispatcherServlet'
2026-08-31T16:44:16.728+05:30  INFO 12102 --- [bikri] [http-nio-8080-exec-1] o.s.web.servlet.DispatcherServlet        : Initializing Servlet 'dispatcherServlet'
2026-08-31T16:44:16.729+05:30  INFO 12102 --- [bikri] [http-nio-8080-exec-1] o.s.web.servlet.DispatcherServlet        : Completed initialization in 1 ms
2026-08-31T16:45:26.034+05:30  INFO 12102 --- [bikri] [SpringApplicationShutdownHook] o.s.boot.tomcat.GracefulShutdown         : Commencing graceful shutdown. Waiting for active requests to complete
2026-08-31T16:45:26.037+05:30  INFO 12102 --- [bikri] [tomcat-shutdown] o.s.boot.tomcat.GracefulShutdown         : Graceful shutdown complete
2026-08-31T16:45:26.049+05:30  INFO 12102 --- [bikri] [SpringApplicationShutdownHook] j.LocalContainerEntityManagerFactoryBean : Closing JPA EntityManagerFactory for persistence unit 'default'
2026-08-31T16:45:26.051+05:30  INFO 12102 --- [bikri] [SpringApplicationShutdownHook] com.zaxxer.hikari.HikariDataSource       : HikariPool-1 - Shutdown initiated...
2026-08-31T16:45:26.052+05:30  INFO 12102 --- [bikri] [SpringApplicationShutdownHook] com.zaxxer.hikari.HikariDataSource       : HikariPool-1 - Shutdown completed.
